date,hour,actual_pv_kwh,forecast_pv_kwh,shortwave_w_m2,weather_class
2026-04-17,21,0.0,,,
2026-04-17,22,0.0,,,
2026-04-17,23,0.0,,,
2026-04-18,0,0.0,,,
2026-04-18,1,0.0,,,
2026-04-18,2,0.0,,,
2026-04-18,3,0.0,,,
2026-04-18,4,0.0,,,
2026-04-18,5,0.03900000000000001,,,
2026-04-18,6,0.276,,,
2026-04-18,7,0.6719999999999999,,,
2026-04-18,8,1.194,,,
2026-04-18,9,1.88,,,
2026-04-18,10,2.21,,,
2026-04-18,11,2.334,,,
2026-04-18,12,2.358,,,
2026-04-18,13,1.9969999999999999,,,
2026-04-18,14,1.8319999999999999,,,
2026-04-18,15,1.375,,,
2026-04-18,16,0.754,,,
2026-04-18,17,0.219,,,
2026-04-18,18,0.008,,,
2026-04-18,19,0.0,,,
2026-04-18,20,0.0,,,
2026-04-18,21,0.0,,,
2026-04-18,22,0.0,,,
2026-04-18,23,0.0,,,
2026-04-19,0,0.0,,,
2026-04-19,1,0.0,,,
2026-04-19,2,0.0,,,
2026-04-19,3,0.0,,,
2026-04-19,4,0.0,,,
2026-04-19,5,0.069,,,
2026-04-19,6,0.596,,,
2026-04-19,7,1.145,,,
2026-04-19,8,1.43,,,
2026-04-19,9,1.9849999999999999,,,
2026-04-19,10,2.323,,,
2026-04-19,11,2.484,,,
2026-04-19,12,2.4240000000000004,,,
2026-04-19,13,2.19,,,
2026-04-19,14,1.817,,,
2026-04-19,15,1.0830000000000002,,,
2026-04-19,16,0.433,,,
2026-04-19,17,0.184,,,
2026-04-19,18,0.004,,,
2026-04-19,19,0.0,,,
2026-04-19,20,0.0,,,
2026-04-19,21,0.0,,,
2026-04-19,22,0.0,,,
2026-04-19,23,0.0,,,
2026-04-20,0,0.0,,,
2026-04-20,1,0.0,,,
2026-04-20,2,0.0,,,
2026-04-20,3,0.0,,,
2026-04-20,4,0.0,,,
2026-04-20,5,0.08,,,
2026-04-20,6,0.387,,,
2026-04-20,7,1.002,,,
2026-04-20,8,1.3130000000000002,,,
2026-04-20,9,1.508,,,
2026-04-20,10,1.8409999999999997,,,
2026-04-20,11,2.4539999999999997,,,
2026-04-20,12,2.419,,,
2026-04-20,13,2.144,,,
2026-04-20,14,1.689,,,
2026-04-20,15,0.673,,,
2026-04-20,16,0.802,,,
2026-04-20,17,0.236,,,
2026-04-20,18,0.008,,,
2026-04-20,19,0.0,,,
2026-04-20,20,0.0,,,
2026-04-20,21,0.0,,,
2026-04-20,22,0.0,,,
2026-04-20,23,0.0,,,
2026-04-21,0,0.0,,,
2026-04-21,1,0.0,,,
2026-04-21,2,0.0,,,
2026-04-21,3,0.0,,,
2026-04-21,4,0.0,,,
2026-04-21,5,0.11299999999999999,,,
2026-04-21,6,0.498,,,
2026-04-21,7,0.853,,,
2026-04-21,8,1.193,,,
2026-04-21,9,0.5539999999999999,,,
2026-04-21,10,0.86,,,
2026-04-21,11,1.717,,,
2026-04-21,12,1.67,,,
2026-04-21,13,1.824,,,
2026-04-21,14,1.951,,,
2026-04-21,15,1.381,,,
2026-04-21,16,0.824,,,
2026-04-21,17,0.254,,,
2026-04-21,18,0.011,,,
2026-04-21,19,0.0,,,
2026-04-21,20,0.0,,,
2026-04-21,21,0.0,,,
2026-04-21,22,0.0,,,
2026-04-21,23,0.0,,,
2026-04-22,0,0.0,,,
2026-04-22,1,0.0,,,
2026-04-22,2,0.0,,,
2026-04-22,3,0.0,,,
2026-04-22,4,0.0,,,
2026-04-22,5,0.11,,,
2026-04-22,6,0.63,,,
2026-04-22,7,1.17,,,
2026-04-22,8,1.604,,,
2026-04-22,9,1.9859999999999998,,,
2026-04-22,10,2.245,,,
2026-04-22,11,2.207,,,
2026-04-22,12,1.1589999999999998,,,
2026-04-22,13,1.276,,,
2026-04-22,14,0.66,,,
2026-04-22,15,0.401,,,
2026-04-22,16,0.28200000000000003,,,
2026-04-22,17,0.069,,,
2026-04-22,18,0.002,,,
2026-04-22,19,0.0,,,
2026-04-22,20,0.0,,,
2026-04-22,21,0.0,,,
2026-04-22,22,0.0,,,
2026-04-22,23,0.0,,,
2026-04-23,0,0.0,,,
2026-04-23,1,0.0,,,
2026-04-23,2,0.0,,,
2026-04-23,3,0.0,,,
2026-04-23,4,0.0,,,
2026-04-23,5,0.037,,,
2026-04-23,6,0.197,,,
2026-04-23,7,0.355,,,
2026-04-23,8,0.498,,,
2026-04-23,9,0.655,,,
2026-04-23,10,0.53,,,
2026-04-23,11,0.379,,,
2026-04-23,12,0.40800000000000003,,,
2026-04-23,13,0.5,,,
2026-04-23,14,0.355,,,
2026-04-23,15,0.244,,,
2026-04-23,16,0.095,,,
2026-04-23,17,0.017,,,
2026-04-23,18,0.001,,,
2026-04-23,19,0.0,,,
2026-04-23,20,0.0,,,
2026-04-23,21,0.0,,,
2026-04-23,22,0.0,,,
2026-04-23,23,0.0,,,
2026-04-24,0,0.0,,,
2026-04-24,1,0.0,,,
2026-04-24,2,0.0,,,
2026-04-24,3,0.0,,,
2026-04-24,4,0.0,,,
2026-04-24,5,0.039,,,
2026-04-24,6,0.328,,,
2026-04-24,7,1.085,,,
2026-04-24,8,1.018,,,
2026-04-24,9,1.058,,,
2026-04-24,10,1.332,,,
2026-04-24,11,2.144,,,
2026-04-24,12,1.635,,,
2026-04-24,13,1.099,,,
2026-04-24,14,0.932,,,
2026-04-24,15,0.787,,,
2026-04-24,16,0.42300000000000004,,,
2026-04-24,17,0.148,,,
2026-04-24,18,0.016,,,
2026-04-24,19,0.0,,,
2026-04-24,20,0.0,,,
2026-04-24,21,0.0,,,
2026-04-24,22,0.0,,,
2026-04-24,23,0.0,,,
2026-04-25,0,0.0,,,
2026-04-25,1,0.0,,,
2026-04-25,2,0.0,,,
2026-04-25,3,0.0,,,
2026-04-25,4,0.0,,,
2026-04-25,5,0.076,,,
2026-04-25,6,0.434,,,
2026-04-25,7,0.782,,,
2026-04-25,8,1.393,,,
2026-04-25,9,1.307,,,
2026-04-25,10,1.0619999999999998,,,
2026-04-25,11,1.374,,,
2026-04-25,12,1.9300000000000002,,,
2026-04-25,13,1.585,,,
2026-04-25,14,1.432,,,
2026-04-25,15,1.194,,,
2026-04-25,16,0.889,,,
2026-04-25,17,0.275,,,
2026-04-25,18,0.013,,,
2026-04-25,19,0.0,,,
2026-04-25,20,0.0,,,
2026-04-25,21,0.0,,,
2026-04-25,22,0.0,,,
2026-04-25,23,0.0,,,
2026-04-26,0,0.0,,,
2026-04-26,1,0.0,,,
2026-04-26,2,0.0,,,
2026-04-26,3,0.0,,,
2026-04-26,4,0.001,,,
2026-04-26,5,0.14100000000000001,,,
2026-04-26,6,0.635,,,
2026-04-26,7,1.149,,,
2026-04-26,8,1.641,,,
2026-04-26,9,1.9949999999999999,,,
2026-04-26,10,2.3920000000000003,,,
2026-04-26,11,2.302,,,
2026-04-26,12,2.467,,,
2026-04-26,13,1.9859999999999998,,,
2026-04-26,14,1.186,,,
2026-04-26,15,1.061,,,
2026-04-26,16,0.651,,,
2026-04-26,17,0.2,,,
2026-04-26,18,0.004,,,
2026-04-26,19,0.0,,,
2026-04-26,20,0.0,,,
2026-04-26,21,0.0,,,
2026-04-26,22,0.0,,,
2026-04-26,23,0.0,,,
2026-04-27,0,0.0,,,
2026-04-27,1,0.0,,,
2026-04-27,2,0.0,,,
2026-04-27,3,0.0,,,
2026-04-27,4,0.0,,,
2026-04-27,5,0.003,,,
2026-04-27,6,0.028,,,
2026-04-27,7,0.03,,,
2026-04-27,8,0.041999999999999996,,,
2026-04-27,9,0.361,,,
2026-04-27,10,1.528,,,
2026-04-27,11,2.432,,,
2026-04-27,12,2.4539999999999997,,,
2026-04-27,13,1.0619999999999998,,,
2026-04-27,14,0.23399999999999999,,,
2026-04-27,15,0.215,,,
2026-04-27,16,0.11699999999999999,,,
2026-04-27,17,0.07,,,
2026-04-27,18,0.025,,,
2026-04-27,19,0.0,,,
2026-04-27,20,0.0,,,
2026-04-27,21,0.0,,,
2026-04-27,22,0.0,,,
2026-04-27,23,0.0,,,
2026-04-28,0,0.0,,,
2026-04-28,1,0.0,,,
2026-04-28,2,0.0,,,
2026-04-28,3,0.0,,,
2026-04-28,4,0.001,,,
2026-04-28,5,0.14600000000000002,,,
2026-04-28,6,0.665,,,
2026-04-28,7,1.159,,,
2026-04-28,8,1.659,,,
2026-04-28,9,2.013,,,
2026-04-28,10,2.292,,,
2026-04-28,11,1.9849999999999999,,,
2026-04-28,12,2.5149999999999997,,,
2026-04-28,13,1.9849999999999999,,,
2026-04-28,14,0.879,,,
2026-04-28,15,1.4820000000000002,,,
2026-04-28,16,0.886,,,
2026-04-28,17,0.29200000000000004,,,
2026-04-28,18,0.017,,,
2026-04-28,19,0.0,,,
2026-04-28,20,0.0,,,
2026-04-28,21,0.0,,,
2026-04-28,22,0.0,,,
2026-04-28,23,0.0,,,
2026-04-29,0,0.0,,,
2026-04-29,1,0.0,,,
2026-04-29,2,0.0,,,
2026-04-29,3,0.0,,,
2026-04-29,4,0.0,,,
2026-04-29,5,0.017,,,
2026-04-29,6,0.094,,,
2026-04-29,7,0.131,,,
2026-04-29,8,0.37,,,
2026-04-29,9,0.43500000000000005,,,
2026-04-29,10,0.544,,,
2026-04-29,11,0.696,,,
2026-04-29,12,0.347,,,
2026-04-29,13,0.46199999999999997,,,
2026-04-29,14,0.224,,,
2026-04-29,15,0.094,,,
2026-04-29,16,0.077,,,
2026-04-29,17,0.013999999999999999,,,
2026-04-29,18,0.0,,,
2026-04-29,19,0.0,,,
2026-04-29,20,0.0,,,
2026-04-29,21,0.0,,,
2026-04-29,22,0.0,,,
2026-04-29,23,0.0,,,
2026-04-30,0,0.0,,,
2026-04-30,1,0.0,,,
2026-04-30,2,0.0,,,
2026-04-30,3,0.0,,,
2026-04-30,4,0.0,,,
2026-04-30,5,0.048,,,
2026-04-30,6,0.164,,,
2026-04-30,7,0.211,,,
2026-04-30,8,0.33199999999999996,,,
2026-04-30,9,0.524,,,
2026-04-30,10,0.5780000000000001,,,
2026-04-30,11,0.536,,,
2026-04-30,12,0.389,,,
2026-04-30,13,0.291,,,
2026-04-30,14,0.31299999999999994,,,
2026-04-30,15,0.27,,,
2026-04-30,16,0.152,,,
2026-04-30,17,0.049,,,
2026-04-30,18,0.002,,,
2026-04-30,19,0.0,,,
2026-04-30,20,0.0,,,
2026-04-30,21,0.0,,,
2026-04-30,22,0.0,,,
2026-04-30,23,0.0,,,
2026-05-01,0,0.0,,,
2026-05-01,1,0.0,,,
2026-05-01,2,0.0,,,
2026-05-01,3,0.0,,,
2026-05-01,4,0.0,,,
2026-05-01,5,0.007,,,
2026-05-01,6,0.036,,,
2026-05-01,7,0.08399999999999999,,,
2026-05-01,8,0.121,,,
2026-05-01,9,0.2,,,
2026-05-01,10,0.23299999999999998,,,
2026-05-01,11,0.432,,,
2026-05-01,12,0.9279999999999999,,,
2026-05-01,13,0.922,,,
2026-05-01,14,1.281,,,
2026-05-01,15,1.225,,,
2026-05-01,16,0.9690000000000001,,,
2026-05-01,17,0.315,,,
2026-05-01,18,0.011,,,
2026-05-01,19,0.0,,,
2026-05-01,20,0.0,,,
2026-05-01,21,0.0,,,
2026-05-01,22,0.0,,,
2026-05-01,23,0.0,,,
2026-05-02,0,0.0,,,
2026-05-02,1,0.0,,,
2026-05-02,2,0.0,,,
2026-05-02,3,0.0,,,
2026-05-02,4,0.003,,,
2026-05-02,5,0.175,,,
2026-05-02,6,0.616,,,
2026-05-02,7,1.1800000000000002,,,
2026-05-02,8,1.677,,,
2026-05-02,9,2.063,,,
2026-05-02,10,2.387,,,
2026-05-02,11,2.518,,,
2026-05-02,12,2.487,,,
2026-05-02,13,2.239,,,
2026-05-02,14,1.853,,,
2026-05-02,15,1.217,,,
2026-05-02,16,0.62,,,
2026-05-02,17,0.223,,,
2026-05-02,18,0.014,,,
2026-05-02,19,0.0,,,
2026-05-02,20,0.0,,,
2026-05-02,21,0.0,,,
2026-05-02,22,0.0,,,
2026-05-02,23,0.0,,,
2026-05-03,0,0.0,,,
2026-05-03,1,0.0,,,
2026-05-03,2,0.0,,,
2026-05-03,3,0.0,,,
2026-05-03,4,0.001,,,
2026-05-03,5,0.19999999999999998,,,
2026-05-03,6,0.243,,,
2026-05-03,7,0.5740000000000001,,,
2026-05-03,8,0.866,,,
2026-05-03,9,0.752,,,
2026-05-03,10,1.06,,,
2026-05-03,11,1.741,,,
2026-05-03,12,2.259,,,
2026-05-03,13,2.105,,,
2026-05-03,14,1.605,,,
2026-05-03,15,1.664,,,
2026-05-03,16,0.487,,,
2026-05-03,17,0.152,,,
2026-05-03,18,0.015,,,
2026-05-03,19,0.0,,,
2026-05-03,20,0.0,,,
2026-05-03,21,0.0,,,
2026-05-03,22,0.0,,,
2026-05-03,23,0.0,,,
2026-05-04,0,0.0,,,
2026-05-04,1,0.0,,,
2026-05-04,2,0.0,,,
2026-05-04,3,0.0,,,
2026-05-04,4,0.0,,,
2026-05-04,5,0.045,,,
2026-05-04,6,0.196,,,
2026-05-04,7,0.458,,,
2026-05-04,8,1.45,,,
2026-05-04,9,1.766,,,
2026-05-04,10,2.171,,,
2026-05-04,11,2.34,,,
2026-05-04,12,2.268,,,
2026-05-04,13,2.0940000000000003,,,
2026-05-04,14,1.791,,,
2026-05-04,15,0.935,,,
2026-05-04,16,0.789,,,
2026-05-04,17,0.222,,,
2026-05-04,18,0.015,,,
2026-05-04,19,0.0,,,
2026-05-04,20,0.0,,,
2026-05-04,21,0.0,,,
2026-05-04,22,0.0,,,
2026-05-04,23,0.0,,,
2026-05-05,0,0.0,,,
2026-05-05,1,0.0,,,
2026-05-05,2,0.0,,,
2026-05-05,3,0.0,,,
2026-05-05,4,0.003,,,
2026-05-05,5,0.20299999999999999,,,
2026-05-05,6,0.6759999999999999,,,
2026-05-05,7,1.2469999999999999,,,
2026-05-05,8,1.758,,,
2026-05-05,9,2.173,,,
2026-05-05,10,2.379,,,
2026-05-05,11,2.609,,,
2026-05-05,12,2.532,,,
2026-05-05,13,2.336,,,
2026-05-05,14,1.984,,,
2026-05-05,15,1.48,,,
2026-05-05,16,0.988,,,
2026-05-05,17,0.34,,,
2026-05-05,18,0.022000000000000002,,,
2026-05-05,19,0.0,,,
2026-05-05,20,0.0,,,
2026-05-05,21,0.0,,,
2026-05-05,22,0.0,,,
2026-05-05,23,0.0,,,
2026-05-06,0,0.0,,,
2026-05-06,1,0.0,,,
2026-05-06,2,0.0,,,
2026-05-06,3,0.0,,,
2026-05-06,4,0.003,,,
2026-05-06,5,0.11599999999999999,,,
2026-05-06,6,0.326,,,
2026-05-06,7,0.5609999999999999,,,
2026-05-06,8,0.534,,,
2026-05-06,9,1.184,,,
2026-05-06,10,1.835,,,
2026-05-06,11,1.556,,,
2026-05-06,12,1.099,,,
2026-05-06,13,0.725,,,
2026-05-06,14,0.892,,,
2026-05-06,15,0.643,,,
2026-05-06,16,0.34700000000000003,,,
2026-05-06,17,0.09,,,
2026-05-06,18,0.006,,,
2026-05-06,19,0.0,,,
2026-05-06,20,0.0,,,
2026-05-06,21,0.0,,,
2026-05-06,22,0.0,,,
2026-05-06,23,0.0,,,
2026-05-07,0,0.0,,,
2026-05-07,1,0.0,,,
2026-05-07,2,0.0,,,
2026-05-07,3,0.0,,,
2026-05-07,4,0.005,,,
2026-05-07,5,0.191,,,
2026-05-07,6,0.673,,,
2026-05-07,7,1.165,,,
2026-05-07,8,1.6440000000000001,,,
2026-05-07,9,2.026,,,
2026-05-07,10,2.332,,,
2026-05-07,11,1.7240000000000002,,,
2026-05-07,12,2.068,,,
2026-05-07,13,2.186,,,
2026-05-07,14,1.435,,,
2026-05-07,15,1.383,,,
2026-05-07,16,1.022,,,
2026-05-07,17,0.488,,,
2026-05-07,18,0.04,,,
2026-05-07,19,0.0,,,
2026-05-07,20,0.0,,,
2026-05-07,21,0.0,,,
2026-05-07,22,0.0,,,
2026-05-07,23,0.0,,,
2026-05-08,0,0.0,,,
2026-05-08,1,0.0,,,
2026-05-08,2,0.0,,,
2026-05-08,3,0.0,,,
2026-05-08,4,0.005,,,
2026-05-08,5,0.09,,,
2026-05-08,6,0.44200000000000006,,,
2026-05-08,7,0.92,,,
2026-05-08,8,1.613,,,
2026-05-08,9,1.3900000000000001,,,
2026-05-08,10,0.9159999999999999,,,
2026-05-08,11,0.905,,,
2026-05-08,12,0.681,,,
2026-05-08,13,0.884,,,
2026-05-08,14,1.1,,,
2026-05-08,15,0.646,,,
2026-05-08,16,0.23199999999999998,,,
2026-05-08,17,0.20400000000000001,,,
2026-05-08,18,0.033,,,
2026-05-08,19,0.0,,,
2026-05-08,20,0.0,,,
2026-05-08,21,0.0,,,
2026-05-08,22,0.0,,,
2026-05-08,23,0.0,,,
2026-05-09,0,0.0,,,
2026-05-09,1,0.0,,,
2026-05-09,2,0.0,,,
2026-05-09,3,0.0,,,
2026-05-09,4,0.002,,,
2026-05-09,5,0.109,,,
2026-05-09,6,0.532,,,
2026-05-09,7,1.111,,,
2026-05-09,8,1.039,,,
2026-05-09,9,1.5710000000000002,,,
2026-05-09,10,2.41,,,
2026-05-09,11,2.609,,,
2026-05-09,12,2.5140000000000002,,,
2026-05-09,13,2.391,,,
2026-05-09,14,2.041,,,
2026-05-09,15,1.464,,,
2026-05-09,16,0.8700000000000001,,,
2026-05-09,17,0.351,,,
2026-05-09,18,0.026,,,
2026-05-09,19,0.0,,,
2026-05-09,20,0.0,,,
2026-05-09,21,0.0,,,
2026-05-09,22,0.0,,,
2026-05-09,23,0.0,,,
2026-05-10,0,0.0,,,
2026-05-10,1,0.0,,,
2026-05-10,2,0.0,,,
2026-05-10,3,0.0,,,
2026-05-10,4,0.005,,,
2026-05-10,5,0.13,,,
2026-05-10,6,0.634,,,
2026-05-10,7,1.0110000000000001,,,
2026-05-10,8,1.737,,,
2026-05-10,9,2.112,,,
2026-05-10,10,2.311,,,
2026-05-10,11,2.528,,,
2026-05-10,12,2.484,,,
2026-05-10,13,2.2119999999999997,,,
2026-05-10,14,1.935,,,
2026-05-10,15,1.419,,,
2026-05-10,16,0.936,,,
2026-05-10,17,0.357,,,
2026-05-10,18,0.03,,,
2026-05-10,19,0.0,,,
2026-05-10,20,0.0,,,
2026-05-10,21,0.0,,,
2026-05-10,22,0.0,,,
2026-05-10,23,0.0,,,
2026-05-11,0,0.0,,,
2026-05-11,1,0.0,,,
2026-05-11,2,0.0,,,
2026-05-11,3,0.0,,,
2026-05-11,4,0.009,,,
2026-05-11,5,0.184,,,
2026-05-11,6,0.671,,,
2026-05-11,7,1.1800000000000002,,,
2026-05-11,8,1.529,,,
2026-05-11,9,1.92,,,
2026-05-11,10,2.332,,,
2026-05-11,11,2.4290000000000003,,,
2026-05-11,12,2.537,,,
2026-05-11,13,2.3040000000000003,,,
2026-05-11,14,1.921,,,
2026-05-11,15,1.416,,,
2026-05-11,16,0.9490000000000001,,,
2026-05-11,17,0.369,,,
2026-05-11,18,0.028999999999999998,,,
2026-05-11,19,0.0,,,
2026-05-11,20,0.0,,,
2026-05-11,21,0.0,,,
2026-05-11,22,0.0,,,
2026-05-11,23,0.0,,,
2026-05-12,0,0.0,,,
2026-05-12,1,0.0,,,
2026-05-12,2,0.0,,,
2026-05-12,3,0.0,,,
2026-05-12,4,0.004,,,
2026-05-12,5,0.08399999999999999,,,
2026-05-12,6,0.39,,,
2026-05-12,7,1.057,,,
2026-05-12,8,1.585,,,
2026-05-12,9,1.208,,,
2026-05-12,10,1.329,,,
2026-05-12,11,2.519,,,
2026-05-12,12,2.4539999999999997,,,
2026-05-12,13,2.2649999999999997,,,
2026-05-12,14,1.337,,,
2026-05-12,15,1.411,,,
2026-05-12,16,0.905,,,
2026-05-12,17,0.294,,,
2026-05-12,18,0.017,,,
2026-05-12,19,0.0,,,
2026-05-12,20,0.0,,,
2026-05-12,21,0.0,,,
2026-05-12,22,0.0,,,
2026-05-12,23,0.0,,,
2026-05-13,0,0.0,,,
2026-05-13,1,0.0,,,
2026-05-13,2,0.0,,,
2026-05-13,3,0.0,,,
2026-05-13,4,0.013,,,
2026-05-13,5,0.19699999999999998,,,
2026-05-13,6,0.6799999999999999,,,
2026-05-13,7,1.179,,,
2026-05-13,8,1.6440000000000001,,,
2026-05-13,9,2.016,,,
2026-05-13,10,2.322,,,
2026-05-13,11,2.412,,,
2026-05-13,12,2.3049999999999997,,,
2026-05-13,13,2.073,,,
2026-05-13,14,1.198,,,
2026-05-13,15,0.352,,,
2026-05-13,16,0.191,,,
2026-05-13,17,0.041,,,
2026-05-13,18,0.003,,,
2026-05-13,19,0.0,,,
2026-05-13,20,0.0,,,
2026-05-13,21,0.0,,,
2026-05-13,22,0.0,,,
2026-05-13,23,0.0,,,
2026-05-14,0,0.0,,,
2026-05-14,1,0.0,,,
2026-05-14,2,0.0,,,
2026-05-14,3,0.0,,,
2026-05-14,4,0.001,,,
2026-05-14,5,0.101,,,
2026-05-14,6,0.668,,,
2026-05-14,7,0.977,,,
2026-05-14,8,1.677,,,
2026-05-14,9,2.082,,,
2026-05-14,10,2.393,,,
2026-05-14,11,2.543,,,
2026-05-14,12,2.311,,,
2026-05-14,13,1.567,,,
2026-05-14,14,0.349,,,
2026-05-14,15,0.33699999999999997,,,
2026-05-14,16,0.242,,,
2026-05-14,17,0.268,,,
2026-05-14,18,0.019,,,
2026-05-14,19,0.0,,,
2026-05-14,20,0.0,,,
2026-05-14,21,0.0,,,
2026-05-14,22,0.0,,,
2026-05-14,23,0.0,,,
2026-05-15,0,0.0,,,
2026-05-15,1,0.0,,,
2026-05-15,2,0.0,,,
2026-05-15,3,0.0,,,
2026-05-15,4,0.002,,,
2026-05-15,5,0.057999999999999996,,,
2026-05-15,6,0.23,,,
2026-05-15,7,0.377,,,
2026-05-15,8,0.618,,,
2026-05-15,9,1.061,,,
2026-05-15,10,1.865,,,
2026-05-15,11,2.322,,,
2026-05-15,12,2.465,,,
2026-05-15,13,2.145,,,
2026-05-15,14,1.916,,,
2026-05-15,15,1.391,,,
2026-05-15,16,0.897,,,
2026-05-15,17,0.392,,,
2026-05-15,18,0.03,,,
2026-05-15,19,0.0,,,
2026-05-15,20,0.0,,,
2026-05-15,21,0.0,,,
2026-05-15,22,0.0,,,
2026-05-15,23,0.0,,,
2026-05-16,0,0.0,,,
2026-05-16,1,0.0,,,
2026-05-16,2,0.0,,,
2026-05-16,3,0.0,,,
2026-05-16,4,0.013,,,
2026-05-16,5,0.192,,,
2026-05-16,6,0.6759999999999999,,,
2026-05-16,7,1.179,,,
2026-05-16,8,1.6800000000000002,,,
2026-05-16,9,2.061,,,
2026-05-16,10,2.3360000000000003,,,
2026-05-16,11,2.4829999999999997,,,
2026-05-16,12,2.4290000000000003,,,
2026-05-16,13,2.232,,,
2026-05-16,14,1.869,,,
2026-05-16,15,1.3559999999999999,,,
2026-05-16,16,0.891,,,
2026-05-16,17,0.262,,,
2026-05-16,18,0.028,,,
2026-05-16,19,0.0,,,
2026-05-16,20,0.0,,,
2026-05-16,21,0.0,,,
2026-05-16,22,0.0,,,
2026-05-16,23,0.0,,,
2026-05-17,0,0.0,,,
2026-05-17,1,0.0,,,
2026-05-17,2,0.0,,,
2026-05-17,3,0.0,,,
2026-05-17,4,0.014,,,
2026-05-17,5,0.19,,,
2026-05-17,6,0.696,,,
2026-05-17,7,1.207,,,
2026-05-17,8,1.6840000000000002,,,
2026-05-17,9,2.072,,,
2026-05-17,10,2.404,,,
2026-05-17,11,2.496,,,
2026-05-17,12,2.4160000000000004,,,
2026-05-17,13,2.224,,,
2026-05-17,14,1.85,,,
2026-05-17,15,1.351,,,
2026-05-17,16,0.904,,,
2026-05-17,17,0.40800000000000003,,,
2026-05-17,18,0.038000000000000006,,,
2026-05-17,19,0.0,,,
2026-05-17,20,0.0,,,
2026-05-17,21,0.0,,,
2026-05-17,22,0.0,,,
2026-05-17,23,0.0,,,
2026-05-18,0,0.0,,,
2026-05-18,1,0.0,,,
2026-05-18,2,0.0,,,
2026-05-18,3,0.0,,,
2026-05-18,4,0.015,,,
2026-05-18,5,0.249,,,
2026-05-18,6,0.636,,,
2026-05-18,7,1.182,,,
2026-05-18,8,1.642,,,
2026-05-18,9,2.019,,,
2026-05-18,10,2.35,,,
2026-05-18,11,2.45,,,
2026-05-18,12,2.431,,,
2026-05-18,13,2.246,,,
2026-05-18,14,1.883,,,
2026-05-18,15,1.377,,,
2026-05-18,16,0.913,,,
2026-05-18,17,0.41400000000000003,,,
2026-05-18,18,0.040999999999999995,,,
2026-05-18,19,0.0,,,
2026-05-18,20,0.0,,,
2026-05-18,21,0.0,,,
2026-05-18,22,0.0,,,
2026-05-18,23,0.0,,,
2026-05-19,0,0.0,,,
2026-05-19,1,0.0,,,
2026-05-19,2,0.0,,,
2026-05-19,3,0.0,,,
2026-05-19,4,0.015,,,
2026-05-19,5,0.244,,,
2026-05-19,6,0.628,,,
2026-05-19,7,1.1800000000000002,,,
2026-05-19,8,1.65,,,
2026-05-19,9,2.033,,,
2026-05-19,10,2.379,,,
2026-05-19,11,2.4859999999999998,,,
2026-05-19,12,2.508,,,
2026-05-19,13,2.205,,,
2026-05-19,14,1.288,,,
2026-05-19,15,0.864,,,
2026-05-19,16,0.8280000000000001,,,
2026-05-19,17,0.307,,,
2026-05-19,18,0.039,,,
2026-05-19,19,0.0,,,
2026-05-19,20,0.0,,,
2026-05-19,21,0.0,,,
2026-05-19,22,0.0,,,
2026-05-19,23,0.0,,,
2026-05-20,0,0.0,,,
2026-05-20,1,0.0,,,
2026-05-20,2,0.0,,,
2026-05-20,3,0.0,,,
2026-05-20,4,0.011,,,
2026-05-20,5,0.189,,,
2026-05-20,6,0.7070000000000001,,,
2026-05-20,7,0.8200000000000001,,,
2026-05-20,8,1.44,,,
2026-05-20,9,1.996,,,
2026-05-20,10,2.292,,,
2026-05-20,11,2.401,,,
2026-05-20,12,2.2640000000000002,,,
2026-05-20,13,1.863,,,
2026-05-20,14,1.553,,,
2026-05-20,15,0.5880000000000001,,,
2026-05-20,16,0.333,,,
2026-05-20,17,0.21,,,
2026-05-20,18,0.02,,,
2026-05-20,19,0.0,,,
2026-05-20,20,0.0,,,
2026-05-20,21,0.0,,,
2026-05-20,22,0.0,,,
2026-05-20,23,0.0,,,
2026-05-21,0,0.0,,,
2026-05-21,1,0.0,,,
2026-05-21,2,0.0,,,
2026-05-21,3,0.0,,,
2026-05-21,4,0.003,,,
2026-05-21,5,0.040999999999999995,,,
2026-05-21,6,0.11699999999999999,,,
2026-05-21,7,0.196,,,
2026-05-21,8,0.26,,,
2026-05-21,9,0.223,,,
2026-05-21,10,0.206,,,
2026-05-21,11,0.193,,,
2026-05-21,12,0.156,,,
2026-05-21,13,0.349,,,
2026-05-21,14,0.353,,,
2026-05-21,15,0.192,,,
2026-05-21,16,0.082,,,
2026-05-21,17,0.036,,,
2026-05-21,18,0.01,,,
2026-05-21,19,0.0,,,
2026-05-21,20,0.0,,,
2026-05-21,21,0.0,,,
2026-05-21,22,0.0,,,
2026-05-21,23,0.0,,,
2026-05-22,0,0.0,,,
2026-05-22,1,0.0,,,
2026-05-22,2,0.0,,,
2026-05-22,3,0.0,,,
2026-05-22,4,0.0,,,
2026-05-22,5,0.022,,,
2026-05-22,6,0.051,,,
2026-05-22,7,0.22099999999999997,,,
2026-05-22,8,0.366,,,
2026-05-22,9,0.34,,,
2026-05-22,10,0.471,,,
2026-05-22,11,0.6399999999999999,,,
2026-05-22,12,0.5940000000000001,,,
2026-05-22,13,0.514,,,
2026-05-22,14,0.365,,,
2026-05-22,15,0.219,,,
2026-05-22,16,0.179,,,
2026-05-22,17,0.034,,,
2026-05-22,18,0.007,,,
2026-05-22,19,0.0,,,
2026-05-22,20,0.0,,,
2026-05-22,21,0.0,,,
2026-05-22,22,0.0,,,
2026-05-22,23,0.0,,,
2026-05-23,0,0.0,,,
2026-05-23,1,0.0,,,
2026-05-23,2,0.0,,,
2026-05-23,3,0.0,,,
2026-05-23,4,0.002,,,
2026-05-23,5,0.075,,,
2026-05-23,6,0.175,,,
2026-05-23,7,0.349,,,
2026-05-23,8,0.6990000000000001,,,
2026-05-23,9,1.369,,,
2026-05-23,10,1.141,,,
2026-05-23,11,1.1059999999999999,,,
2026-05-23,12,1.495,,,
2026-05-23,13,1.048,,,
2026-05-23,14,0.48100000000000004,,,
2026-05-23,15,0.29000000000000004,,,
2026-05-23,16,0.11399999999999999,,,
2026-05-23,17,0.029,,,
2026-05-23,18,0.002,,,
2026-05-23,19,0.0,,,
2026-05-23,20,0.0,,,
2026-05-23,21,0.0,,,
2026-05-23,22,0.0,,,
2026-05-23,23,0.0,,,
2026-05-24,0,0.0,,,
2026-05-24,1,0.0,,,
2026-05-24,2,0.0,,,
2026-05-24,3,0.0,,,
2026-05-24,4,0.005,,,
2026-05-24,5,0.07100000000000001,,,
2026-05-24,6,0.139,,,
2026-05-24,7,0.383,0.1035,0.0,clear
2026-05-24,8,0.823,0.1499,0.0,clear
2026-05-24,9,1.486,0.2968,0.0,clear
2026-05-24,10,2.308,0.394,0.0,clear
2026-05-24,11,1.498,0.7469,0.0,clear
2026-05-24,12,1.103,1.2852,0.0,clear
2026-05-24,13,0.798,1.6306,0.0,clear
2026-05-24,14,0.527,1.239,0.0,clear
2026-05-24,15,0.32599999999999996,0.8356,0.0,clear
2026-05-24,16,0.116,0.4951,0.0,clear
2026-05-24,17,0.033,0.2395,0.0,clear
2026-05-24,18,0.006,0.1123,0.0,clear
2026-05-24,19,0.0,0.0162,0.0,clear
2026-05-24,20,0.0,0.0,0.0,clear
2026-05-24,21,0.0,0.0,0.0,clear
2026-05-24,22,0.0,0.0,0.0,clear
2026-05-24,23,0.0,,,
2026-05-25,0,0.0,,,
2026-05-25,1,0.0,,,
2026-05-25,2,0.0,,,
2026-05-25,3,0.0,,,
2026-05-25,4,0.019,,,
2026-05-25,5,0.259,,,
2026-05-25,6,0.715,,,
2026-05-25,7,1.206,0.357,0.0,clear
2026-05-25,8,1.5150000000000001,0.7084,0.0,clear
2026-05-25,9,1.978,1.2601,0.0,clear
2026-05-25,10,2.21,1.7668,0.0,clear
2026-05-25,11,2.415,2.0161,0.0,clear
2026-05-25,12,2.311,2.1108,0.0,clear
2026-05-25,13,2.067,2.085,0.0,clear
2026-05-25,14,1.638,1.9208,0.0,clear
2026-05-25,15,1.2530000000000001,1.539,0.0,clear
2026-05-25,16,0.992,1.1098,0.0,clear
2026-05-25,17,0.351,0.698,0.0,clear
2026-05-25,18,0.05,0.3135,0.0,clear
2026-05-25,19,0.0,0.0452,0.0,clear
2026-05-25,20,0.0,0.0,0.0,clear
2026-05-25,21,0.0,0.0,0.0,clear
2026-05-25,22,0.0,0.0,0.0,clear
2026-05-25,23,0.0,,,
2026-05-26,0,0.0,,,
2026-05-26,1,0.0,,,
2026-05-26,2,0.0,,,
2026-05-26,3,0.0,,,
2026-05-26,4,0.007,,,
2026-05-26,5,0.21300000000000002,,,
2026-05-26,6,0.544,,,
2026-05-26,7,1.014,0.5338,0.0,clear
2026-05-26,8,0.8320000000000001,0.9231,0.0,clear
2026-05-26,9,1.263,1.2018,0.0,clear
2026-05-26,10,1.715,1.4185,0.0,clear
2026-05-26,11,1.759,1.9933,0.0,clear
2026-05-26,12,1.419,2.1432,0.0,clear
2026-05-26,13,1.049,2.1865,0.0,clear
2026-05-26,14,1.54,1.9429,0.0,clear
2026-05-26,15,1.1019999999999999,1.512,0.0,clear
2026-05-26,16,0.956,1.0091,0.0,clear
2026-05-26,17,0.451,0.6073,0.0,clear
2026-05-26,18,0.035,0.2566,0.0,clear
2026-05-26,19,0.0,0.0372,0.0,clear
2026-05-26,20,0.0,0.0,0.0,clear
2026-05-26,21,0.0,0.0,0.0,clear
2026-05-26,22,0.0,0.0,0.0,clear
2026-05-26,23,0.0,,,
2026-05-27,0,0.0,,,
2026-05-27,1,0.0,,,
2026-05-27,2,0.0,,,
2026-05-27,3,0.0,,,
2026-05-27,4,0.009,,,
2026-05-27,5,0.17600000000000002,,,
2026-05-27,6,0.405,,,
2026-05-27,7,1.2309999999999999,0.3706,0.0,clear
2026-05-27,8,1.645,0.7681,0.0,clear
2026-05-27,9,2.24,1.2925,0.0,clear
2026-05-27,10,2.1980000000000004,0.9496,0.0,clear
2026-05-27,11,2.335,1.0504,0.0,clear
2026-05-27,12,1.6099999999999999,1.0605,0.0,clear
2026-05-27,13,1.3559999999999999,1.0612,0.0,clear
2026-05-27,14,0.882,0.9829,0.0,clear
2026-05-27,15,0.836,0.7656,0.0,clear
2026-05-27,16,0.392,0.4869,0.0,clear
2026-05-27,17,0.167,0.3004,0.0,clear
2026-05-27,18,0.023,0.1797,0.0,clear
2026-05-27,19,0.0,0.0264,0.0,clear
2026-05-27,20,0.0,0.0,0.0,clear
2026-05-27,21,0.0,0.0,0.0,clear
2026-05-27,22,0.0,0.0,0.0,clear
2026-05-27,23,0.0,,,
2026-05-28,0,0.0,,,
2026-05-28,1,0.0,,,
2026-05-28,2,0.0,,,
2026-05-28,3,0.0,,,
2026-05-28,4,0.014,,,
2026-05-28,5,0.269,,,
2026-05-28,6,0.722,,,
2026-05-28,7,1.111,0.248,0.0,clear
2026-05-28,8,1.643,0.3176,0.0,clear
2026-05-28,9,1.244,0.4372,0.0,clear
2026-05-28,10,1.995,0.3804,0.0,clear
2026-05-28,11,1.419,0.432,0.0,clear
2026-05-28,12,0.8999999999999999,0.5052,0.0,clear
2026-05-28,13,0.394,0.5542,0.0,clear
2026-05-28,14,0.369,0.5334,0.0,clear
2026-05-28,15,0.205,0.5071,0.0,clear
2026-05-28,16,0.17099999999999999,0.5003,0.0,clear
2026-05-28,17,0.193,0.3383,0.0,clear
2026-05-28,18,0.033,0.2534,0.0,clear
2026-05-28,19,0.0,0.0079,0.0,clear
2026-05-28,20,0.0,0.0,0.0,clear
2026-05-28,21,0.0,0.0,0.0,clear
2026-05-28,22,0.0,0.0,0.0,clear
2026-05-28,23,0.0,,,
2026-05-29,0,0.0,,,
2026-05-29,1,0.0,,,
2026-05-29,2,0.0,,,
2026-05-29,3,0.0,,,
2026-05-29,4,0.012,,,
2026-05-29,5,0.22099999999999997,,,
2026-05-29,6,0.648,,,
2026-05-29,7,1.152,0.3662,0.0,clear
2026-05-29,8,0.984,0.6585,0.0,clear
2026-05-29,9,1.492,1.0937,0.0,clear
2026-05-29,10,1.504,0.875,0.0,clear
2026-05-29,11,2.24,1.1119,0.0,clear
2026-05-29,12,2.403,1.1797,0.0,clear
2026-05-29,13,2.101,1.1303,0.0,clear
2026-05-29,14,1.9,1.0124,0.0,clear
2026-05-29,15,1.393,0.8264,0.0,clear
2026-05-29,16,0.988,0.5333,0.0,clear
2026-05-29,17,0.496,0.3517,0.0,clear
2026-05-29,18,0.053000000000000005,0.2194,0.0,clear
2026-05-29,19,0.0,0.0474,0.0,clear
2026-05-29,20,0.0,0.0,0.0,clear
2026-05-29,21,0.0,0.0,0.0,clear
2026-05-29,22,0.0,0.0,0.0,clear
2026-05-29,23,0.0,,,
2026-05-30,0,0.0,,,
2026-05-30,1,0.0,,,
2026-05-30,2,0.0,,,
2026-05-30,3,0.0,,,
2026-05-30,4,0.016,,,
2026-05-30,5,0.22,,,
2026-05-30,6,0.644,,,
2026-05-30,7,1.226,0.7114,0.0,clear
2026-05-30,8,1.682,1.2399,0.0,clear
2026-05-30,9,2.053,1.7256,0.0,clear
2026-05-30,10,2.4050000000000002,1.2187,0.0,clear
2026-05-30,11,2.51,1.2927,0.0,clear
2026-05-30,12,2.4699999999999998,1.306,0.0,clear
2026-05-30,13,2.284,1.2607,0.0,clear
2026-05-30,14,1.9249999999999998,1.1394,0.0,clear
2026-05-30,15,1.439,0.9462,0.0,clear
2026-05-30,16,0.978,0.6093,0.0,clear
2026-05-30,17,0.493,0.3909,0.0,clear
2026-05-30,18,0.056,0.2393,0.0,clear
2026-05-30,19,0.0,0.059,0.0,clear
2026-05-30,20,0.0,0.0,0.0,clear
2026-05-30,21,0.0,0.0,0.0,clear
2026-05-30,22,0.0,0.0,0.0,clear
2026-05-30,23,0.0,,,
2026-05-31,0,0.0,,,
2026-05-31,1,0.0,,,
2026-05-31,2,0.0,,,
2026-05-31,3,0.0,,,
2026-05-31,4,0.014,,,
2026-05-31,5,0.16599999999999998,,,
2026-05-31,6,0.344,,,
2026-05-31,7,0.716,0.6144,0.0,clear
2026-05-31,8,0.875,0.7621,0.0,clear
2026-05-31,9,1.1219999999999999,1.1217,0.0,clear
2026-05-31,10,1.682,1.1701,0.0,clear
2026-05-31,11,1.7879999999999998,1.3119,0.0,clear
2026-05-31,12,1.758,1.4011,0.0,clear
2026-05-31,13,1.755,1.2768,0.0,clear
2026-05-31,14,1.87,1.2774,0.0,clear
2026-05-31,15,1.407,1.1639,0.0,clear
2026-05-31,16,0.9219999999999999,0.8512,0.0,clear
2026-05-31,17,0.504,0.5278,0.0,clear
2026-05-31,18,0.058,0.3494,0.0,clear
2026-05-31,19,0.0,0.0646,0.0,clear
2026-05-31,20,0.0,0.0,0.0,clear
2026-05-31,21,0.0,0.0,0.0,clear
2026-05-31,22,0.0,0.0,0.0,clear
2026-05-31,23,0.0,,,
2026-06-01,0,0.0,,,
2026-06-01,1,0.0,,,
2026-06-01,2,0.0,,,
2026-06-01,3,0.0,,,
2026-06-01,4,0.022000000000000002,,,
2026-06-01,5,0.287,,,
2026-06-01,6,0.655,,,
2026-06-01,7,1.201,0.9596,0.0,clear
2026-06-01,8,1.654,1.6554,0.0,clear
2026-06-01,9,2.018,2.3005,0.0,clear
2026-06-01,10,2.216,2.1357,0.0,clear
2026-06-01,11,2.178,2.4133,0.0,clear
2026-06-01,12,1.935,2.5223,0.0,clear
2026-06-01,13,2.101,2.4362,0.0,clear
2026-06-01,14,1.653,2.0758,0.0,clear
2026-06-01,15,1.3559999999999999,1.6479,0.0,clear
2026-06-01,16,0.9890000000000001,1.1335,0.0,clear
2026-06-01,17,0.356,0.6372,0.0,clear
2026-06-01,18,0.061,0.3086,0.0,clear
2026-06-01,19,0.0,0.0913,0.0,clear
2026-06-01,20,0.0,0.0,0.0,clear
2026-06-01,21,0.0,0.0,0.0,clear
2026-06-01,22,0.0,0.0,0.0,clear
2026-06-01,23,0.0,,,
2026-06-02,0,0.0,,,
2026-06-02,1,0.0,,,
2026-06-02,2,0.0,,,
2026-06-02,3,0.0,,,
2026-06-02,4,0.014,,,
2026-06-02,5,0.169,,,
2026-06-02,6,0.583,,,
2026-06-02,7,0.859,0.5731,0.0,clear
2026-06-02,8,0.855,0.9742,0.0,clear
2026-06-02,9,1.2269999999999999,0.8648,0.0,clear
2026-06-02,10,1.304,0.7451,0.0,clear
2026-06-02,11,1.146,0.7854,0.0,clear
2026-06-02,12,0.891,0.6566,0.0,clear
2026-06-02,13,0.6619999999999999,0.5501,0.0,clear
2026-06-02,14,0.849,0.5161,0.0,clear
2026-06-02,15,0.41500000000000004,0.4914,0.0,clear
2026-06-02,16,0.211,0.3939,0.0,clear
2026-06-02,17,0.09,0.2751,0.0,clear
2026-06-02,18,0.016,0.2071,0.0,clear
2026-06-02,19,0.0,0.018,0.0,clear
2026-06-02,20,0.0,0.0,0.0,clear
2026-06-02,21,0.0,0.0,0.0,clear
2026-06-02,22,0.0,0.0,0.0,clear
2026-06-02,23,0.0,,,
2026-06-03,0,0.0,,,
2026-06-03,1,0.0,,,
2026-06-03,2,0.0,,,
2026-06-03,3,0.0,,,
2026-06-03,4,0.0,,,
2026-06-03,5,0.004,,,
2026-06-03,6,0.011,,,
2026-06-03,7,0.043,0.2439,0.0,clear
2026-06-03,8,0.139,0.3575,0.0,clear
2026-06-03,9,0.181,0.4592,0.0,clear
2026-06-03,10,0.178,0.4025,0.0,clear
2026-06-03,11,0.225,0.4446,0.0,clear
2026-06-03,12,0.175,0.4733,0.0,clear
2026-06-03,13,0.102,0.4766,0.0,clear
2026-06-03,14,0.383,0.4614,0.0,clear
2026-06-03,15,0.583,0.4185,0.0,clear
2026-06-03,16,0.4,0.3475,0.0,clear
2026-06-03,17,0.2,0.2406,0.0,clear
2026-06-03,18,0.054,0.206,0.0,clear
2026-06-03,19,0.0,0.056,0.0,clear
2026-06-03,20,0.0,0.0,0.0,clear
2026-06-03,21,0.0,0.0,0.0,clear
2026-06-03,22,0.0,0.0,0.0,clear
2026-06-03,23,0.0,,,
2026-06-04,0,0.0,,,
2026-06-04,1,0.0,,,
2026-06-04,2,0.0,,,
2026-06-04,3,0.0,,,
2026-06-04,4,0.003,,,
2026-06-04,5,0.058,,,
2026-06-04,6,0.347,,,
2026-06-04,7,0.41600000000000004,0.2745,0.0,clear
2026-06-04,8,0.877,0.5284,0.0,clear
2026-06-04,9,1.293,0.5478,0.0,clear
2026-06-04,10,1.26,0.7145,0.0,clear
2026-06-04,11,1.7930000000000001,0.9029,0.0,clear
2026-06-04,12,1.661,0.9684,0.0,clear
2026-06-04,13,0.866,0.8535,0.0,clear
2026-06-04,14,0.865,0.8436,0.0,clear
2026-06-04,15,0.473,0.6936,0.0,clear
2026-06-04,16,0.16599999999999998,0.6448,0.0,clear
2026-06-04,17,0.05399999999999999,0.4075,0.0,clear
2026-06-04,18,0.008,0.3121,0.0,clear
2026-06-04,19,0.0,0.0653,0.0,clear
2026-06-04,20,0.0,0.0,0.0,clear
2026-06-04,21,0.0,0.0,0.0,clear
2026-06-04,22,0.0,0.0,0.0,clear
2026-06-04,23,0.0,,,
2026-06-05,0,0.0,,,
2026-06-05,1,0.0,,,
2026-06-05,2,0.0,,,
2026-06-05,3,0.0,,,
2026-06-05,4,0.017,,,
2026-06-05,5,0.316,,,
2026-06-05,6,0.667,,,
2026-06-05,7,0.907,0.2266,0.0,clear
2026-06-05,8,0.636,0.3332,0.0,clear
2026-06-05,9,0.681,0.4307,0.0,clear
2026-06-05,10,0.776,0.5077,0.0,clear
2026-06-05,11,1.209,0.5579,0.0,clear
2026-06-05,12,0.833,0.5794,0.0,clear
2026-06-05,13,1.042,0.5702,0.0,clear
2026-06-05,14,0.75,0.5261,0.0,clear
2026-06-05,15,0.554,0.4492,0.0,clear
2026-06-05,16,0.33,0.3537,0.0,clear
2026-06-05,17,0.196,0.2461,0.0,clear
2026-06-05,18,0.035,0.1978,0.0,clear
2026-06-05,19,0.0,0.0,0.0,clear
2026-06-05,20,0.0,0.0,0.0,clear
2026-06-05,21,0.0,0.0,0.0,clear
2026-06-05,22,0.0,0.0,0.0,clear
2026-06-05,23,0.0,,,
2026-06-06,0,0.0,,,
2026-06-06,1,0.0,,,
2026-06-06,2,0.0,,,
2026-06-06,3,0.0,,,
2026-06-06,4,0.006,,,
2026-06-06,5,0.137,,,
2026-06-06,6,0.326,,,
2026-06-06,7,0.589,0.3852,0.0,clear
2026-06-06,8,1.3439999999999999,0.8246,0.0,clear
2026-06-06,9,1.631,1.355,0.0,clear
2026-06-06,10,2.01,1.0239,0.0,clear
2026-06-06,11,1.814,1.1332,0.0,clear
2026-06-06,12,1.9939999999999998,1.1705,0.0,clear
2026-06-06,13,2.4050000000000002,1.1581,0.0,clear
2026-06-06,14,1.404,1.0878,0.0,clear
2026-06-06,15,1.46,0.9329,0.0,clear
2026-06-06,16,0.99,0.597,0.0,clear
2026-06-06,17,0.422,0.3655,0.0,clear
2026-06-06,18,0.083,0.2386,0.0,clear
2026-06-06,19,0.0,0.0486,0.0,clear
2026-06-06,20,0.0,0.0,0.0,clear
2026-06-06,21,0.0,0.0,0.0,clear
2026-06-06,22,0.0,0.0,0.0,clear
2026-06-06,23,0.0,,,
2026-06-07,0,0.0,,,
2026-06-07,1,0.0,,,
2026-06-07,2,0.0,,,
2026-06-07,3,0.0,,,
2026-06-07,4,0.011,,,
2026-06-07,5,0.159,,,
2026-06-07,6,0.366,,,
2026-06-07,7,0.41900000000000004,0.5898,0.0,clear
2026-06-07,8,0.48,0.7463,0.0,clear
2026-06-07,9,0.478,0.6732,0.0,clear
2026-06-07,10,0.575,0.6709,0.0,clear
2026-06-07,11,0.42200000000000004,0.8556,0.0,clear
2026-06-07,12,0.42700000000000005,0.8111,0.0,clear
2026-06-07,13,0.393,0.7458,0.0,clear
2026-06-07,14,0.514,0.6434,0.0,clear
2026-06-07,15,0.297,0.4972,0.0,clear
2026-06-07,16,0.145,0.3761,0.0,clear
2026-06-07,17,0.046,0.2479,0.0,clear
2026-06-07,18,0.004,0.201,0.0,clear
2026-06-07,19,0.0,0.0139,0.0,clear
2026-06-07,20,0.0,0.0,0.0,clear
2026-06-07,21,0.0,0.0,0.0,clear
2026-06-07,22,0.0,0.0,0.0,clear
2026-06-07,23,0.0,,,
2026-06-08,0,0.0,,,
2026-06-08,1,0.0,,,
2026-06-08,2,0.0,,,
2026-06-08,3,0.0,,,
2026-06-08,4,0.003,,,
2026-06-08,5,0.058,,,
2026-06-08,6,0.18,,,
2026-06-08,7,0.36,0.2251,0.0,clear
2026-06-08,8,0.554,0.3281,0.0,clear
2026-06-08,9,0.748,0.4252,0.0,clear
2026-06-08,10,0.952,0.4079,0.0,clear
2026-06-08,11,1.1520000000000001,0.5095,0.0,clear
2026-06-08,12,1.495,0.5279,0.0,clear
2026-06-08,13,1.6,0.5444,0.0,clear
2026-06-08,14,1.474,0.5697,0.0,clear
2026-06-08,15,1.005,0.5392,0.0,clear
2026-06-08,16,0.522,0.447,0.0,clear
2026-06-08,17,0.228,0.2925,0.0,clear
2026-06-08,18,0.024999999999999998,0.2025,0.0,clear
2026-06-08,19,0.0,0.0248,0.0,clear
2026-06-08,20,0.0,0.0,0.0,clear
2026-06-08,21,0.0,0.0,0.0,clear
2026-06-08,22,0.0,0.0,0.0,clear
2026-06-08,23,0.0,,,
2026-06-09,0,0.0,,,
2026-06-09,1,0.0,,,
2026-06-09,2,0.0,,,
2026-06-09,3,0.0,,,
2026-06-09,4,0.001,,,
2026-06-09,5,0.027,,,
2026-06-09,6,0.103,,,
2026-06-09,7,0.339,0.1869,0.0,clear
2026-06-09,8,0.624,0.4123,0.0,clear
2026-06-09,9,0.823,0.8181,0.0,clear
2026-06-09,10,0.78,0.5455,0.0,clear
2026-06-09,11,1.0150000000000001,0.9498,0.0,clear
2026-06-09,12,0.896,2.1461,0.0,clear
2026-06-09,13,0.47000000000000003,1.349,0.0,clear
2026-06-09,14,0.33599999999999997,1.1703,0.0,clear
2026-06-09,15,0.175,1.0724,0.0,clear
2026-06-09,16,0.065,1.1986,0.0,clear
2026-06-09,17,0.08099999999999999,0.6416,0.0,clear
2026-06-09,18,0.028,0.3262,0.0,clear
2026-06-09,19,0.0,0.0494,0.0,clear
2026-06-09,20,0.0,0.0,0.0,clear
2026-06-09,21,0.0,0.0,0.0,clear
2026-06-09,22,0.0,0.0,0.0,clear
2026-06-09,23,0.0,,,
2026-06-10,0,0.0,,,
2026-06-10,1,0.0,,,
2026-06-10,2,0.0,,,
2026-06-10,3,0.0,,,
2026-06-10,4,0.003,,,
2026-06-10,5,0.076,,,
2026-06-10,6,0.082,,,
2026-06-10,7,0.062,0.314,0.0,clear
2026-06-10,8,0.182,0.5532,0.0,clear
2026-06-10,9,0.332,0.5283,0.0,clear
2026-06-10,10,0.48,0.5029,0.0,clear
2026-06-10,11,0.781,0.5673,0.0,clear
2026-06-10,12,1.742,0.675,0.0,clear
2026-06-10,13,0.769,0.8805,0.0,clear
2026-06-10,14,1.522,1.0423,0.0,clear
2026-06-10,15,0.815,1.0101,0.0,clear
2026-06-10,16,0.52,0.6609,0.0,clear
2026-06-10,17,0.307,0.4179,0.0,clear
2026-06-10,18,0.053,0.2401,0.0,clear
2026-06-10,19,0.0,0.0717,0.0,clear
2026-06-10,20,0.0,0.0,0.0,clear
2026-06-10,21,0.0,0.0,0.0,clear
2026-06-10,22,0.0,0.0,0.0,clear
2026-06-10,23,0.0,,,
2026-06-11,0,0.0,,,
2026-06-11,1,0.0,,,
2026-06-11,2,0.0,,,
2026-06-11,3,0.0,,,
2026-06-11,4,0.007,,,
2026-06-11,5,0.193,,,
2026-06-11,6,0.392,,,
2026-06-11,7,0.736,0.3809,0.0,clear
2026-06-11,8,1.242,0.7721,0.0,clear
2026-06-11,9,1.729,1.1378,0.0,clear
2026-06-11,10,1.799,0.8628,0.0,clear
2026-06-11,11,2.1719999999999997,1.0456,0.0,clear
2026-06-11,12,1.988,1.1376,0.0,clear
2026-06-11,13,1.982,1.1064,0.0,clear
2026-06-11,14,1.508,0.9536,0.0,clear
2026-06-11,15,0.873,0.8133,0.0,clear
2026-06-11,16,0.41800000000000004,0.5993,0.0,clear
2026-06-11,17,0.196,0.4481,0.0,clear
2026-06-11,18,0.056,0.3434,0.0,clear
2026-06-11,19,0.001,0.0663,0.0,clear
2026-06-11,20,0.0,0.0,0.0,clear
2026-06-11,21,0.0,0.0,0.0,clear
2026-06-11,22,0.0,0.0,0.0,clear
2026-06-11,23,0.0,,,
2026-06-12,0,0.0,,,
2026-06-12,1,0.0,,,
2026-06-12,2,0.0,,,
2026-06-12,3,0.0,,,
2026-06-12,4,0.014,,,
2026-06-12,5,0.105,,,
2026-06-12,6,0.456,,,
2026-06-12,7,1.036,0.4927,0.0,clear
2026-06-12,8,1.56,1.0218,0.0,clear
2026-06-12,9,2.013,1.5572,0.0,clear
2026-06-12,10,1.708,1.2458,0.0,clear
2026-06-12,11,1.884,1.353,0.0,clear
2026-06-12,12,0.724,1.4073,0.0,clear
2026-06-12,13,0.14700000000000002,1.3865,0.0,clear
2026-06-12,14,1.3980000000000001,1.2558,0.0,clear
2026-06-12,15,1.3,1.0158,0.0,clear
2026-06-12,16,0.222,0.7166,0.0,clear
2026-06-12,17,0.072,0.4653,0.0,clear
2026-06-12,18,0.03,0.3237,0.0,clear
2026-06-12,19,0.0,0.0706,0.0,clear
2026-06-12,20,0.0,0.0,0.0,clear
2026-06-12,21,0.0,0.0,0.0,clear
2026-06-12,22,0.0,0.0,0.0,clear
2026-06-12,23,0.0,,,
2026-06-13,0,0.0,,,
2026-06-13,1,0.0,,,
2026-06-13,2,0.0,,,
2026-06-13,3,0.0,,,
2026-06-13,4,0.031,,,
2026-06-13,5,0.299,,,
2026-06-13,6,0.644,,,
2026-06-13,7,1.1360000000000001,0.6968,0.0,clear
2026-06-13,8,1.4929999999999999,1.2705,0.0,clear
2026-06-13,9,1.892,1.8515,0.0,clear
2026-06-13,10,2.148,1.2377,0.0,clear
2026-06-13,11,2.2350000000000003,1.3457,0.0,clear
2026-06-13,12,2.399,1.5258,0.0,clear
2026-06-13,13,2.16,1.5135,0.0,clear
2026-06-13,14,1.937,1.302,0.0,clear
2026-06-13,15,1.174,0.9892,0.0,clear
2026-06-13,16,0.967,0.6433,0.0,clear
2026-06-13,17,0.242,0.4313,0.0,clear
2026-06-13,18,0.093,0.281,0.0,clear
2026-06-13,19,0.0,0.0898,0.0,clear
2026-06-13,20,0.0,0.0,0.0,clear
2026-06-13,21,0.0,0.0,0.0,clear
2026-06-13,22,0.0,0.0,0.0,clear
2026-06-13,23,0.0,,,
2026-06-14,0,0.0,,,
2026-06-14,1,0.0,,,
2026-06-14,2,0.0,,,
2026-06-14,3,0.0,,,
2026-06-14,4,0.024,,,
2026-06-14,5,0.177,,,
2026-06-14,6,0.46399999999999997,,,
2026-06-14,7,0.83,0.4995,0.0,clear
2026-06-14,8,1.268,0.8037,0.0,clear
2026-06-14,9,1.221,1.0334,0.0,clear
2026-06-14,10,1.391,0.8312,0.0,clear
2026-06-14,11,1.52,1.1163,0.0,clear
2026-06-14,12,1.808,1.2174,0.0,clear
2026-06-14,13,1.354,1.1379,0.0,clear
2026-06-14,14,0.958,1.0566,0.0,clear
2026-06-14,15,0.6160000000000001,0.9595,0.0,clear
2026-06-14,16,0.433,0.5801,0.0,clear
2026-06-14,17,0.155,0.3319,0.0,clear
2026-06-14,18,0.019000000000000003,0.2058,0.0,clear
2026-06-14,19,0.0,0.0469,0.0,clear
2026-06-14,20,0.0,0.0,0.0,clear
2026-06-14,21,0.0,0.0,0.0,clear
2026-06-14,22,0.0,0.0,0.0,clear
2026-06-14,23,0.0,,,
2026-06-15,0,0.0,,,
2026-06-15,1,0.0,,,
2026-06-15,2,0.0,,,
2026-06-15,3,0.0,,,
2026-06-15,4,0.001,,,
2026-06-15,5,0.036,,,
2026-06-15,6,0.10200000000000001,,,
2026-06-15,7,0.29400000000000004,0.2283,0.0,clear
2026-06-15,8,0.253,0.3361,0.0,clear
2026-06-15,9,1.085,0.4386,0.0,clear
2026-06-15,10,0.63,0.4477,0.0,clear
2026-06-15,11,0.266,0.4865,0.0,clear
2026-06-15,12,0.57,0.7905,0.0,clear
2026-06-15,13,1.3599999999999999,0.6441,0.0,clear
2026-06-15,14,0.5940000000000001,0.5543,0.0,clear
2026-06-15,15,0.696,0.5452,0.0,clear
2026-06-15,16,0.612,0.5774,0.0,clear
2026-06-15,17,0.139,0.4157,0.0,clear
2026-06-15,18,0.052,0.2536,0.0,clear
2026-06-15,19,0.001,0.057,0.0,clear
2026-06-15,20,0.0,0.0,0.0,clear
2026-06-15,21,0.0,0.0,0.0,clear
2026-06-15,22,0.0,0.0,0.0,clear
2026-06-15,23,0.0,,,
2026-06-16,0,0.0,,,
2026-06-16,1,0.0,,,
2026-06-16,2,0.0,,,
2026-06-16,3,0.0,,,
2026-06-16,4,0.038000000000000006,,,
2026-06-16,5,0.344,,,
2026-06-16,6,0.565,,,
2026-06-16,7,1.219,0.7893,0.0,clear
2026-06-16,8,1.621,1.3292,0.0,clear
2026-06-16,9,1.978,1.8415,0.0,clear
2026-06-16,10,2.175,1.206,0.0,clear
2026-06-16,11,2.02,1.359,0.0,clear
2026-06-16,12,2.1189999999999998,1.4891,0.0,clear
2026-06-16,13,2.0060000000000002,1.5191,0.0,clear
2026-06-16,14,1.516,1.379,0.0,clear
2026-06-16,15,1.064,1.1356,0.0,clear
2026-06-16,16,0.654,0.7983,0.0,clear
2026-06-16,17,0.33999999999999997,0.5235,0.0,clear
2026-06-16,18,0.065,0.3198,0.0,clear
2026-06-16,19,0.0,0.0906,0.0,clear
2026-06-16,20,0.0,0.0,0.0,clear
2026-06-16,21,0.0,0.0,0.0,clear
2026-06-16,22,0.0,0.0,0.0,clear
2026-06-16,23,0.0,,,
2026-06-17,0,0.0,,,
2026-06-17,1,0.0,,,
2026-06-17,2,0.0,,,
2026-06-17,3,0.0,,,
2026-06-17,4,0.026000000000000002,,,
2026-06-17,5,0.252,,,
2026-06-17,6,0.707,,,
2026-06-17,7,1.197,0.6764,0.0,clear
2026-06-17,8,1.653,1.1975,0.0,clear
2026-06-17,9,2.028,1.6906,0.0,clear
2026-06-17,10,2.341,1.0876,0.0,clear
2026-06-17,11,2.388,1.1988,0.0,clear
2026-06-17,12,2.3890000000000002,1.2621,0.0,clear
2026-06-17,13,2.2110000000000003,1.2128,0.0,clear
2026-06-17,14,1.6720000000000002,1.1116,0.0,clear
2026-06-17,15,1.221,0.9054,0.0,clear
2026-06-17,16,0.781,0.5624,0.0,clear
2026-06-17,17,0.328,0.3602,0.0,clear
2026-06-17,18,0.072,0.1741,0.0,clear
2026-06-17,19,0.0,0.013,0.0,clear
2026-06-17,20,0.0,0.0,0.0,clear
2026-06-17,21,0.0,0.0,0.0,clear
2026-06-17,22,0.0,0.0,0.0,clear
2026-06-17,23,0.0,,,
2026-06-18,0,0.0,,,
2026-06-18,1,0.0,,,
2026-06-18,2,0.0,,,
2026-06-18,3,0.0,,,
2026-06-18,4,0.0,,,
2026-06-18,5,0.016,,,
2026-06-18,6,0.063,,,
2026-06-18,7,0.203,0.3029,0.0,clear
2026-06-18,8,0.329,0.4852,0.0,clear
2026-06-18,9,0.495,0.6302,0.0,clear
2026-06-18,10,0.935,0.5291,0.0,clear
2026-06-18,11,1.7,0.6057,0.0,clear
2026-06-18,12,1.407,0.7861,0.0,clear
2026-06-18,13,0.9570000000000001,0.6441,0.0,clear
2026-06-18,14,1.179,0.6033,0.0,clear
2026-06-18,15,1.317,0.5716,0.0,clear
2026-06-18,16,0.74,0.4966,0.0,clear
2026-06-18,17,0.29700000000000004,0.456,0.0,clear
2026-06-18,18,0.084,0.2316,0.0,clear
2026-06-18,19,0.001,0.0215,0.0,clear
2026-06-18,20,0.0,0.0,0.0,clear
2026-06-18,21,0.0,0.0,0.0,clear
2026-06-18,22,0.0,0.0,0.0,clear
2026-06-18,23,0.0,,,
2026-06-19,0,0.0,,,
2026-06-19,1,0.0,,,
2026-06-19,2,0.0,,,
2026-06-19,3,0.0,,,
2026-06-19,4,0.021,,,
2026-06-19,5,0.22299999999999998,,,
2026-06-19,6,0.707,,,
2026-06-19,7,1.2149999999999999,0.6115,0.0,clear
2026-06-19,8,1.5659999999999998,1.1186,0.0,clear
2026-06-19,9,1.78,1.5439,0.0,clear
2026-06-19,10,2.125,1.0797,0.0,clear
2026-06-19,11,1.656,1.2208,0.0,clear
2026-06-19,12,2.2169999999999996,1.2953,0.0,clear
2026-06-19,13,1.6720000000000002,1.1833,0.0,clear
2026-06-19,14,0.9059999999999999,0.9942,0.0,clear
2026-06-19,15,0.9730000000000001,0.7929,0.0,clear
2026-06-19,16,0.665,0.5684,0.0,clear
2026-06-19,17,0.298,0.4146,0.0,clear
2026-06-19,18,0.08099999999999999,0.2167,0.0,clear
2026-06-19,19,0.0,0.0212,0.0,clear
2026-06-19,20,0.0,0.0,0.0,clear
2026-06-19,21,0.0,0.0,0.0,clear
2026-06-19,22,0.0,0.0,0.0,clear
2026-06-19,23,0.0,,,
2026-06-20,0,0.0,,,
2026-06-20,1,0.0,,,
2026-06-20,2,0.0,,,
2026-06-20,3,0.0,,,
2026-06-20,4,0.0,,,
2026-06-20,5,0.014,,,
2026-06-20,6,0.036,,,
2026-06-20,7,0.046,0.2413,0.0,clear
2026-06-20,8,0.308,0.3552,0.0,clear
2026-06-20,9,0.269,0.46,0.0,clear
2026-06-20,10,0.471,0.5027,0.0,clear
2026-06-20,11,0.449,0.5752,0.0,clear
2026-06-20,12,0.484,0.534,0.0,clear
2026-06-20,13,0.474,0.5296,0.0,clear
2026-06-20,14,0.243,0.4909,0.0,clear
2026-06-20,15,0.246,0.4454,0.0,clear
2026-06-20,16,0.163,0.3576,0.0,clear
2026-06-20,17,0.064,0.2368,0.0,clear
2026-06-20,18,0.008,0.1339,0.0,clear
2026-06-20,19,0.0,0.0033,0.0,clear
2026-06-20,20,0.0,0.0,0.0,clear
2026-06-20,21,0.0,0.0,0.0,clear
2026-06-20,22,0.0,0.0,0.0,clear
2026-06-20,23,0.0,,,
2026-06-21,0,0.0,0.0,0.0,rain
2026-06-21,1,0.0,0.0,0.0,rain
2026-06-21,2,0.0,0.0,0.0,rain
2026-06-21,3,0.0,0.0,0.0,rain
2026-06-21,4,0.0,0.0,0.0,rain
2026-06-21,5,0.09,0.0,1.0,rain
2026-06-21,6,0.155,0.0,15.0,clear
2026-06-21,7,0.579,0.2218,44.0,clear
2026-06-21,8,0.6679999999999999,0.3307,93.0,clear
2026-06-21,9,0.703,0.5512,183.0,clear
2026-06-21,10,0.894,0.6049,267.0,clear
2026-06-21,11,0.765,0.7464,374.0,clear
2026-06-21,12,1.165,0.8506,456.0,clear
2026-06-21,13,1.377,0.9855,582.0,clear
2026-06-21,14,0.737,0.883,502.0,clear
2026-06-21,15,0.41000000000000003,0.7529,421.0,clear
2026-06-21,16,0.257,0.5208,314.0,clear
2026-06-21,17,0.065,0.3183,164.0,clear
2026-06-21,18,0.013000000000000001,0.1536,58.0,clear
2026-06-21,19,0.0,0.0554,15.0,clear
2026-06-21,20,0.0,0.0,0.0,clear
2026-06-21,21,0.0,0.0,0.0,clear
2026-06-21,22,0.0,0.0,0.0,clear
2026-06-21,23,0.0,0.0,0.0,clear
2026-06-22,0,0.0,0.0,0.0,clear
2026-06-22,1,0.0,0.0,0.0,clear
2026-06-22,2,0.0,0.0,0.0,clear
2026-06-22,3,0.0,0.0,0.0,clear
2026-06-22,4,0.016,0.0,0.0,clear
2026-06-22,5,0.285,0.0,5.0,clear
2026-06-22,6,0.636,0.0,66.0,clear
2026-06-22,7,1.0739999999999998,0.4791,202.0,clear
2026-06-22,8,1.5390000000000001,0.8511,358.0,clear
2026-06-22,9,1.8199999999999998,1.2945,544.0,clear
2026-06-22,10,1.88,1.3947,678.0,clear
2026-06-22,11,0.966,1.3885,668.0,clear
2026-06-22,12,0.919,1.2021,566.0,clear
2026-06-22,13,0.5900000000000001,0.8523,384.0,clear
2026-06-22,14,0.364,0.5966,259.0,clear
2026-06-22,15,0.353,0.4695,204.0,clear
2026-06-22,16,0.28600000000000003,0.2869,119.0,clear
2026-06-22,17,0.456,0.2168,93.0,clear
2026-06-22,18,0.048999999999999995,0.1586,72.0,clear
2026-06-22,19,0.0,0.053,23.0,clear
2026-06-22,20,0.0,0.0,0.0,clear
2026-06-22,21,0.0,0.0,0.0,clear
2026-06-22,22,0.0,0.0,0.0,clear
2026-06-22,23,0.0,0.0,0.0,clear
2026-06-23,0,0.0,0.0,0.0,clear
2026-06-23,1,0.0,0.0,0.0,clear
2026-06-23,2,0.0,0.0,0.0,clear
2026-06-23,3,0.0,0.0,0.0,clear
2026-06-23,4,0.018,0.0,0.0,clear
2026-06-23,5,0.20099999999999998,0.0,5.0,clear
2026-06-23,6,0.404,0.0,52.0,clear
2026-06-23,7,0.737,0.2585,126.0,clear
2026-06-23,8,1.017,0.5676,277.0,clear
2026-06-23,9,1.041,0.8612,420.0,clear
2026-06-23,10,1.2850000000000001,0.9409,546.0,clear
2026-06-23,11,1.5899999999999999,1.1425,668.0,clear
2026-06-23,12,1.732,1.0937,635.0,clear
2026-06-23,13,1.391,1.0776,626.0,clear
2026-06-23,14,0.99,1.1002,645.0,clear
2026-06-23,15,0.775,0.8225,477.0,clear
2026-06-23,16,0.607,0.5227,305.0,clear
2026-06-23,17,0.283,0.2779,155.0,clear
2026-06-23,18,0.048,0.128,68.0,clear
2026-06-23,19,0.001,0.0284,12.0,clear
2026-06-23,20,0.0,0.0,0.0,clear
2026-06-23,21,0.0,0.0,0.0,clear
2026-06-23,22,0.0,0.0,0.0,clear
2026-06-23,23,0.0,0.0,0.0,clear
2026-06-24,0,0.0,0.0,0.0,clear
2026-06-24,1,0.0,0.0,0.0,clear
2026-06-24,2,0.0,0.0,0.0,clear
2026-06-24,3,0.0,0.0,0.0,clear
2026-06-24,4,0.012,0.0,0.0,clear
2026-06-24,5,0.075,0.0,2.0,clear
2026-06-24,6,0.182,0.0,30.0,clear
2026-06-24,7,0.508,0.2038,96.0,clear
2026-06-24,8,1.061,0.437,206.0,clear
2026-06-24,9,1.655,0.6175,291.0,clear
2026-06-24,10,1.437,0.7483,409.0,clear
2026-06-24,11,1.4860000000000002,1.0305,576.0,clear
2026-06-24,12,1.448,1.2702,720.0,clear
2026-06-24,13,0.885,1.0322,576.0,clear
2026-06-24,14,0.762,0.8448,466.0,clear
2026-06-24,15,0.661,0.7768,432.0,clear
2026-06-24,16,0.398,0.4731,262.0,clear
2026-06-24,17,0.193,0.2464,129.0,clear
2026-06-24,18,0.037,0.1464,77.0,clear
2026-06-24,19,0.0,0.0434,21.0,clear
2026-06-24,20,0.0,0.0,0.0,clear
2026-06-24,21,0.0,0.0,0.0,clear
2026-06-24,22,0.0,0.0,0.0,clear
2026-06-24,23,0.0,0.0,0.0,clear
2026-06-25,0,0.0,0.0,0.0,clear
2026-06-25,1,0.0,0.0,0.0,clear
2026-06-25,2,0.0,0.0,0.0,rain
2026-06-25,3,0.0,0.0,0.0,rain
2026-06-25,4,0.001,0.0,0.0,rain
2026-06-25,5,0.031,0.0,1.0,rain
2026-06-25,6,0.061,0.0,9.0,rain
2026-06-25,7,0.155,0.2438,37.0,rain
2026-06-25,8,0.212,0.4132,65.0,rain
2026-06-25,9,0.438,0.4622,70.0,rain
2026-06-25,10,0.374,0.561,89.0,rain
2026-06-25,11,0.595,0.4504,67.0,rain
2026-06-25,12,0.347,0.3079,40.0,rain
2026-06-25,13,0.40700000000000003,0.2629,32.0,rain
2026-06-25,14,0.28900000000000003,0.283,37.0,rain
2026-06-25,15,0.442,0.2655,36.0,rain
2026-06-25,16,0.14200000000000002,0.3206,48.0,rain
2026-06-25,17,0.07600000000000001,0.1947,28.0,rain
2026-06-25,18,0.015,0.101,14.0,rain
2026-06-25,19,0.0,0.032,4.0,rain
2026-06-25,20,0.0,0.0,0.0,rain
2026-06-25,21,0.0,0.0,0.0,rain
2026-06-25,22,0.0,0.0,0.0,rain
2026-06-25,23,0.0,0.0,0.0,rain
2026-06-26,0,0.0,0.0,0.0,rain
2026-06-26,1,0.0,0.0,0.0,rain
2026-06-26,2,0.0,0.0,0.0,rain
2026-06-26,3,0.0,0.0,0.0,rain
2026-06-26,4,0.003,0.0,0.0,clear
2026-06-26,5,0.047,0.0,1.0,rain
2026-06-26,6,0.132,0.0,21.0,rain
2026-06-26,7,0.10600000000000001,0.1173,44.0,clear
2026-06-26,8,0.14900000000000002,0.2791,102.0,clear
2026-06-26,9,0.237,0.6074,219.0,clear
2026-06-26,10,0.536,0.6925,248.0,clear
2026-06-26,11,0.262,0.5403,193.0,clear
2026-06-26,12,0.091,0.5119,183.0,clear
2026-06-26,13,0.41900000000000004,0.504,181.0,clear
2026-06-26,14,0.154,0.6039,219.0,clear
2026-06-26,15,0.10300000000000001,0.2517,93.0,clear
2026-06-26,16,0.125,0.1562,60.0,clear
2026-06-26,17,0.03,0.0921,35.0,clear
2026-06-26,18,0.009000000000000001,0.1191,25.0,clear
2026-06-26,19,0.0,0.0,9.0,clear
2026-06-26,20,0.0,0.0,0.0,rain
2026-06-26,21,0.0,0.0,0.0,rain
2026-06-26,22,0.0,0.0,0.0,rain
2026-06-26,23,0.0,0.0,0.0,rain
2026-06-27,0,0.0,0.0,0.0,rain
2026-06-27,1,0.0,0.0,0.0,rain
2026-06-27,2,0.0,0.0,0.0,rain
2026-06-27,3,0.0,0.0,0.0,rain
2026-06-27,4,0.0,0.0,0.0,rain
2026-06-27,5,0.027,0.0,0.0,rain
2026-06-27,6,0.153,0.0,15.0,rain
2026-06-27,7,0.395,0.0702,29.0,clear
2026-06-27,8,0.258,0.1889,76.0,clear
2026-06-27,9,0.44699999999999995,0.3502,139.0,clear
2026-06-27,10,0.253,0.1776,70.0,rain
2026-06-27,11,0.385,0.3382,133.0,rain
2026-06-27,12,0.159,0.216,85.0,rain
2026-06-27,13,0.158,0.2302,91.0,rain
2026-06-27,14,0.134,0.1578,63.0,rain
2026-06-27,15,0.081,0.091,37.0,rain
2026-06-27,16,0.049,0.0639,27.0,rain
2026-06-27,17,0.018000000000000002,0.0502,21.0,rain
2026-06-27,18,0.031,0.0733,17.0,rain
2026-06-27,19,0.001,0.0,4.0,rain
2026-06-27,20,0.0,0.0,0.0,rain
2026-06-27,21,0.0,0.0,0.0,rain
2026-06-27,22,0.0,0.0,0.0,rain
2026-06-27,23,0.0,0.0,0.0,clear
2026-06-28,0,0.0,0.0,0.0,clear
2026-06-28,1,0.0,0.0,0.0,clear
2026-06-28,2,0.0,0.0,0.0,clear
2026-06-28,3,0.0,0.0,0.0,clear
2026-06-28,4,0.008,0.0,0.0,clear
2026-06-28,5,0.066,0.0,1.0,clear
2026-06-28,6,0.101,0.0,27.0,clear
2026-06-28,7,0.267,0.1901,76.0,clear
2026-06-28,8,0.28800000000000003,0.2568,100.0,rain
2026-06-28,9,0.524,0.3253,125.0,rain
2026-06-28,10,0.233,0.2411,92.0,rain
2026-06-28,11,0.15,0.67,255.0,rain
2026-06-28,12,0.193,0.63,240.0,clear
2026-06-28,13,0.20500000000000002,0.2483,95.0,rain
2026-06-28,14,0.149,0.1915,74.0,rain
2026-06-28,15,0.165,0.2185,86.0,clear
2026-06-28,16,0.126,0.1467,60.0,clear
2026-06-28,17,0.034,0.0963,39.0,clear
2026-06-28,18,0.017,0.1156,26.0,clear
2026-06-28,19,0.001,0.0,8.0,clear
2026-06-28,20,0.0,0.0,0.0,clear
2026-06-28,21,0.0,0.0,0.0,clear
2026-06-28,22,0.0,0.0,0.0,clear
2026-06-28,23,0.0,0.0,0.0,clear
2026-06-29,0,0.0,0.0,0.0,rain
2026-06-29,1,0.0,0.0,0.0,clear
2026-06-29,2,0.0,0.0,0.0,clear
2026-06-29,3,0.0,0.0,0.0,clear
2026-06-29,4,0.002,0.0,0.0,clear
2026-06-29,5,0.032,0.0,1.0,clear
2026-06-29,6,0.157,0.0,19.0,clear
2026-06-29,7,0.46199999999999997,0.1006,42.0,clear
2026-06-29,8,0.631,0.1524,62.0,clear
2026-06-29,9,0.378,0.2815,113.0,rain
2026-06-29,10,0.808,0.4114,164.0,rain
2026-06-29,11,1.3860000000000001,0.4728,188.0,rain
2026-06-29,12,1.1960000000000002,0.3241,129.0,rain
2026-06-29,13,1.0110000000000001,0.2751,110.0,rain
2026-06-29,14,1.699,0.5475,221.0,clear
2026-06-29,15,0.767,0.4669,192.0,rain
2026-06-29,16,0.481,0.3886,166.0,rain
2026-06-29,17,0.16799999999999998,0.2246,95.0,clear
2026-06-29,18,0.019,0.3274,77.0,clear
2026-06-29,19,0.0,0.0,19.0,clear
2026-06-29,20,0.0,0.0,0.0,clear
2026-06-29,21,0.0,0.0,0.0,clear
2026-06-29,22,0.0,0.0,0.0,clear
2026-06-29,23,0.0,0.0,0.0,clear
2026-06-30,0,0.0,0.0,0.0,clear
2026-06-30,1,0.0,0.0,0.0,clear
2026-06-30,2,0.0,0.0,0.0,clear
2026-06-30,3,0.0,0.0,0.0,clear
2026-06-30,4,0.012,0.0,0.0,clear
2026-06-30,5,0.131,0.0,2.0,rain
2026-06-30,6,0.265,0.0,33.0,clear
2026-06-30,7,0.48,0.2118,81.0,clear
2026-06-30,8,0.832,0.4824,151.0,clear
2026-06-30,9,0.6679999999999999,0.6013,221.0,clear
2026-06-30,10,1.267,0.8465,309.0,clear
2026-06-30,11,1.2389999999999999,0.9971,363.0,clear
2026-06-30,12,1.604,1.4052,512.0,clear
2026-06-30,13,0.821,1.5246,558.0,clear
2026-06-30,14,0.614,1.3449,497.0,clear
2026-06-30,15,1.1989999999999998,1.145,431.0,clear
2026-06-30,16,0.43800000000000006,0.6982,273.0,clear
2026-06-30,17,0.215,0.4546,176.0,clear
2026-06-30,18,0.084,0.4734,102.0,clear
2026-06-30,19,0.001,0.0,22.0,clear
2026-06-30,20,0.0,0.0,0.0,clear
2026-06-30,21,0.0,0.0,0.0,clear
2026-06-30,22,0.0,0.0,0.0,clear
2026-06-30,23,0.0,0.0,0.0,clear
2026-07-01,0,0.0,0.0,0.0,clear
2026-07-01,1,0.0,0.0,0.0,clear
2026-07-01,2,0.0,0.0,0.0,clear
2026-07-01,3,0.0,0.0,0.0,clear
2026-07-01,4,0.009,0.0,0.0,clear
2026-07-01,5,0.155,0.0,4.0,clear
2026-07-01,6,0.487,0.0,57.0,clear
2026-07-01,7,0.88,0.3774,125.0,clear
2026-07-01,8,1.504,0.6946,230.0,clear
2026-07-01,9,1.221,0.9728,322.0,clear
2026-07-01,10,1.557,0.8412,292.0,clear
2026-07-01,11,1.1179999999999999,0.6251,205.0,rain
2026-07-01,12,1.354,0.8376,293.0,clear
2026-07-01,13,0.76,1.0124,363.0,clear
2026-07-01,14,0.527,0.9418,334.0,clear
2026-07-01,15,0.46399999999999997,0.6197,209.0,clear
2026-07-01,16,0.22999999999999998,0.4175,136.0,clear
2026-07-01,17,0.132,0.254,79.0,clear
2026-07-01,18,0.028,0.1708,56.0,clear
2026-07-01,19,0.0,0.0498,15.0,clear
2026-07-01,20,0.0,0.0,0.0,clear
2026-07-01,21,0.0,0.0,0.0,clear
2026-07-01,22,0.0,0.0,0.0,clear
2026-07-01,23,0.0,0.0,0.0,clear
2026-07-02,0,0.0,0.0,0.0,rain
2026-07-02,1,0.0,0.0,0.0,rain
2026-07-02,2,0.0,0.0,0.0,rain
2026-07-02,3,0.0,0.0,0.0,rain
2026-07-02,4,0.0,0.0,0.0,rain
2026-07-02,5,0.022,0.0,0.0,rain
2026-07-02,6,0.069,0.0,7.0,rain
2026-07-02,7,0.107,0.0752,28.0,rain
2026-07-02,8,0.14200000000000002,0.2616,80.0,rain
2026-07-02,9,0.274,0.3645,110.0,rain
2026-07-02,10,0.388,0.327,98.0,rain
2026-07-02,11,0.518,0.3245,97.0,rain
2026-07-02,12,0.8260000000000001,0.3811,114.0,clear
2026-07-02,13,0.729,0.5092,153.0,clear
2026-07-02,14,0.53,0.3131,95.0,rain
2026-07-02,15,0.34299999999999997,0.2483,91.0,rain
2026-07-02,16,0.14100000000000001,0.3574,136.0,clear
2026-07-02,17,0.08800000000000001,0.2098,79.0,clear
2026-07-02,18,0.011,0.1479,31.0,clear
2026-07-02,19,0.001,0.0,8.0,clear
2026-07-02,20,0.0,0.0,0.0,clear
2026-07-02,21,0.0,0.0,0.0,clear
2026-07-02,22,0.0,0.0,0.0,clear
2026-07-02,23,0.0,0.0,0.0,clear
2026-07-03,0,0.0,0.0,0.0,clear
2026-07-03,1,0.0,0.0,0.0,clear
2026-07-03,2,0.0,0.0,0.0,clear
2026-07-03,3,0.0,0.0,0.0,clear
2026-07-03,4,0.0,0.0,0.0,clear
2026-07-03,5,0.045,0.0,2.0,clear
2026-07-03,6,0.17099999999999999,0.0,32.0,clear
2026-07-03,7,0.509,0.2241,81.0,clear
2026-07-03,8,0.677,0.5489,163.0,clear
2026-07-03,9,1.334,0.6621,230.0,clear
2026-07-03,10,1.04,0.7217,249.0,clear
2026-07-03,11,1.0899999999999999,0.7382,254.0,clear
2026-07-03,12,0.986,0.8886,306.0,clear
2026-07-03,13,1.5270000000000001,1.4455,500.0,clear
2026-07-03,14,0.863,1.3144,459.0,clear
2026-07-03,15,0.29900000000000004,1.0151,361.0,clear
2026-07-03,16,0.4,0.7176,265.0,clear
2026-07-03,17,0.173,0.4929,180.0,clear
2026-07-03,18,0.034,0.4629,94.0,clear
2026-07-03,19,0.0,0.0,21.0,clear
2026-07-03,20,0.0,0.0,0.0,clear
2026-07-03,21,0.0,0.0,0.0,clear
2026-07-03,22,0.0,0.0,0.0,clear
2026-07-03,23,0.0,0.0,0.0,clear
2026-07-04,0,0.0,0.0,0.0,clear
2026-07-04,1,0.0,0.0,0.0,clear
2026-07-04,2,0.0,0.0,0.0,clear
2026-07-04,3,0.0,0.0,0.0,clear
2026-07-04,4,0.002,0.0,0.0,clear
2026-07-04,5,0.055999999999999994,0.0,1.0,clear
2026-07-04,6,0.31,0.0,14.0,rain
2026-07-04,7,0.33099999999999996,0.0943,34.0,rain
2026-07-04,8,0.378,0.1982,58.0,rain
2026-07-04,9,0.803,0.3255,94.0,clear
2026-07-04,10,1.211,0.53,152.0,clear
2026-07-04,11,1.282,0.9204,316.0,clear
2026-07-04,12,1.097,1.1118,382.0,clear
2026-07-04,13,1.16,1.2749,440.0,clear
2026-07-04,14,1.379,0.973,339.0,clear
2026-07-04,15,0.87,0.8371,297.0,clear
2026-07-04,16,0.569,0.7873,290.0,clear
2026-07-04,17,0.23099999999999998,0.3241,118.0,clear
2026-07-04,18,0.053000000000000005,0.3118,63.0,clear
2026-07-04,19,0.0,0.0,14.0,clear
2026-07-04,20,0.0,0.0,0.0,clear
2026-07-04,21,0.0,0.0,0.0,clear
2026-07-04,22,0.0,0.0,0.0,clear
2026-07-04,23,0.0,0.0,0.0,rain
2026-07-05,0,0.0,0.0,0.0,rain
2026-07-05,1,0.0,0.0,0.0,rain
2026-07-05,2,0.0,0.0,0.0,rain
2026-07-05,3,0.0,0.0,0.0,rain
2026-07-05,4,0.001,0.0,0.0,rain
2026-07-05,5,0.020999999999999998,0.0,1.0,rain
2026-07-05,6,0.062,0.0,7.0,rain
2026-07-05,7,0.514,0.0742,26.0,rain
2026-07-05,8,0.655,0.4855,135.0,clear
2026-07-05,9,0.836,0.6342,174.0,clear
2026-07-05,10,0.6639999999999999,0.8514,259.0,clear
2026-07-05,11,0.452,0.8391,228.0,clear
2026-07-05,12,0.508,0.8237,224.0,clear
2026-07-05,13,0.756,0.8099,247.0,clear
2026-07-05,14,0.53,0.7666,236.0,clear
2026-07-05,15,0.615,0.4731,163.0,clear
2026-07-05,16,0.483,0.3411,122.0,clear
2026-07-05,17,0.212,0.2265,80.0,clear
2026-07-05,18,0.024,0.184,36.0,clear
2026-07-05,19,0.0,0.0,7.0,clear
2026-07-05,20,0.0,0.0,0.0,clear
2026-07-05,21,0.0,0.0,0.0,clear
2026-07-05,22,0.0,0.0,0.0,clear
2026-07-05,23,0.0,0.0,0.0,rain
2026-07-06,0,0.0,0.0,0.0,rain
2026-07-06,1,0.0,0.0,0.0,rain
2026-07-06,2,0.0,0.0,0.0,rain
2026-07-06,3,0.0,0.0,0.0,rain
2026-07-06,4,0.007,0.0,0.0,rain
2026-07-06,5,0.093,0.0,1.0,rain
2026-07-06,6,0.225,0.0,17.0,clear
2026-07-06,7,0.579,0.0929,32.0,clear
2026-07-06,8,0.952,0.2021,55.0,clear
2026-07-06,9,1.125,0.4135,111.0,clear
2026-07-06,10,0.891,0.4576,122.0,rain
2026-07-06,11,1.297,0.9074,276.0,clear
2026-07-06,12,0.606,0.8969,273.0,clear
2026-07-06,13,0.475,0.8799,269.0,clear
2026-07-06,14,0.619,0.7323,226.0,clear
2026-07-06,15,0.441,0.2214,75.0,rain
2026-07-06,16,0.193,0.4607,162.0,rain
2026-07-06,17,0.031,0.1585,55.0,rain
2026-07-06,18,0.01,0.1514,29.0,clear
2026-07-06,19,0.0,0.0,8.0,clear
2026-07-06,20,0.0,0.0,0.0,rain
2026-07-06,21,0.0,0.0,0.0,rain
2026-07-06,22,0.0,0.0,0.0,rain
2026-07-06,23,0.0,0.0,0.0,rain
2026-07-07,0,0.0,0.0,0.0,clear
2026-07-07,1,0.0,0.0,0.0,clear
2026-07-07,2,0.0,0.0,0.0,rain
2026-07-07,3,0.0,0.0,0.0,clear
2026-07-07,4,0.007,0.0,0.0,clear
2026-07-07,5,0.11699999999999999,0.0,2.0,clear
2026-07-07,6,0.3,0.0,21.0,clear
2026-07-07,7,0.497,0.1379,46.0,clear
2026-07-07,8,0.8240000000000001,0.3127,82.0,clear
2026-07-07,9,0.88,0.4252,110.0,clear
2026-07-07,10,0.891,0.6227,160.0,clear
2026-07-07,11,0.5469999999999999,0.8273,212.0,clear
2026-07-07,12,0.601,0.8961,274.0,clear
2026-07-07,13,0.594,1.0615,326.0,clear
2026-07-07,14,0.677,0.9581,297.0,clear
2026-07-07,15,0.653,0.7928,260.0,clear
2026-07-07,16,0.368,0.614,209.0,clear
2026-07-07,17,0.122,0.5067,170.0,clear
2026-07-07,18,0.012,0.4445,82.0,clear
2026-07-07,19,0.0,0.0,18.0,clear
2026-07-07,20,0.0,0.0,0.0,clear
2026-07-07,21,0.0,0.0,0.0,clear
2026-07-07,22,0.0,0.0,0.0,clear
2026-07-07,23,0.0,0.0,0.0,clear
2026-07-08,0,0.0,0.0,0.0,clear
2026-07-08,1,0.0,0.0,0.0,clear
2026-07-08,2,0.0,0.0,0.0,clear
2026-07-08,3,0.0,0.0,0.0,clear
2026-07-08,4,0.016,0.0,0.0,clear
2026-07-08,5,0.189,0.0,3.0,clear
2026-07-08,6,0.599,0.0,57.0,clear
2026-07-08,7,0.762,0.4799,160.0,clear
2026-07-08,8,0.9279999999999999,0.8238,263.0,clear
2026-07-08,9,1.004,1.3327,427.0,clear
2026-07-08,10,1.818,1.719,547.0,clear
2026-07-08,11,1.452,2.0262,643.0,clear
2026-07-08,12,1.323,2.1349,678.0,clear
2026-07-08,13,1.546,2.1507,686.0,clear
2026-07-08,14,1.365,2.0159,649.0,clear
2026-07-08,15,1.182,1.788,586.0,clear
2026-07-08,16,0.6739999999999999,1.2673,431.0,clear
2026-07-08,17,0.369,0.8481,284.0,clear
2026-07-08,18,0.077,0.5456,139.0,clear
2026-07-08,19,0.0,0.0,31.0,clear
2026-07-08,20,0.0,0.0,0.0,clear
2026-07-08,21,0.0,0.0,0.0,clear
2026-07-08,22,0.0,0.0,0.0,clear
2026-07-08,23,0.0,0.0,0.0,clear
2026-07-09,0,0.0,0.0,0.0,clear
2026-07-09,1,0.0,0.0,0.0,clear
2026-07-09,2,0.0,0.0,0.0,clear
2026-07-09,3,0.0,0.0,0.0,clear
2026-07-09,4,0.009,0.0,0.0,clear
2026-07-09,5,0.22799999999999998,0.0,3.0,clear
2026-07-09,6,0.624,0.0,60.0,clear
2026-07-09,7,1.096,0.5085,167.0,clear
2026-07-09,8,1.535,1.0376,332.0,clear
2026-07-09,9,1.889,1.1614,480.0,clear
2026-07-09,10,2.169,1.5373,631.0,clear
2026-07-09,11,2.206,2.3122,776.0,clear
2026-07-09,12,1.992,2.3999,806.0,clear
2026-07-09,13,2.166,2.3125,780.0,clear
2026-07-09,14,1.835,2.1384,728.0,clear
2026-07-09,15,1.453,1.8529,626.0,clear
2026-07-09,16,1.008,1.3918,499.0,clear
2026-07-09,17,0.512,0.9476,340.0,clear
2026-07-09,18,0.059,0.459,164.0,clear
2026-07-09,19,0.001,0.0,34.0,clear
2026-07-09,20,0.0,0.0,0.0,clear
2026-07-09,21,0.0,0.0,0.0,clear
2026-07-09,22,0.0,0.0,0.0,clear
2026-07-09,23,0.0,0.0,0.0,clear
2026-07-10,0,0.0,0.0,0.0,clear
2026-07-10,1,0.0,0.0,0.0,clear
2026-07-10,2,0.0,0.0,0.0,clear
2026-07-10,3,0.0,0.0,0.0,clear
2026-07-10,4,0.011,0.0,0.0,clear
2026-07-10,5,0.21900000000000003,0.0,4.0,clear
2026-07-10,6,0.582,0.0,80.0,clear
2026-07-10,7,1.117,0.7283,235.0,clear
2026-07-10,8,1.537,1.0088,416.0,clear
2026-07-10,9,1.7850000000000001,1.4525,591.0,clear
2026-07-10,10,1.7639999999999998,2.151,741.0,clear
2026-07-10,11,2.374,2.4246,833.0,clear
2026-07-10,12,2.3529999999999998,2.4811,853.0,clear
2026-07-10,13,2.214,2.3517,812.0,clear
2026-07-10,14,1.909,2.1924,764.0,clear
2026-07-10,15,1.452,2.0258,693.0,clear
2026-07-10,16,1.0050000000000001,1.467,543.0,clear
2026-07-10,17,0.538,0.9173,363.0,clear
2026-07-10,18,0.09,0.4464,177.0,clear
2026-07-10,19,0.0,0.0,36.0,clear
2026-07-10,20,0.0,0.0,0.0,clear
2026-07-10,21,0.0,0.0,0.0,clear
2026-07-10,22,0.0,0.0,0.0,clear
2026-07-10,23,0.0,0.0,0.0,clear
2026-07-11,0,0.0,0.0,0.0,clear
2026-07-11,1,0.0,0.0,0.0,clear
2026-07-11,2,0.0,0.0,0.0,clear
2026-07-11,3,0.0,0.0,0.0,clear
2026-07-11,4,0.009,0.0,0.0,clear
2026-07-11,5,0.168,0.0,4.0,clear
2026-07-11,6,0.65,0.0,78.0,clear
2026-07-11,7,0.994,0.7027,182.0,clear
2026-07-11,8,1.409,0.9891,387.0,clear
2026-07-11,9,1.793,1.4299,552.0,clear
2026-07-11,10,1.957,1.7031,653.0,clear
2026-07-11,11,1.756,1.6793,679.0,clear
2026-07-11,12,2.276,1.5348,621.0,clear
2026-07-11,13,1.7309999999999999,1.1837,481.0,clear
2026-07-11,14,1.616,1.1851,486.0,clear
2026-07-11,15,1.044,0.6113,241.0,clear
2026-07-11,16,0.826,0.5658,320.0,clear
2026-07-11,17,0.43999999999999995,0.3607,200.0,clear
2026-07-11,18,0.062,0.3151,111.0,clear
2026-07-11,19,0.0,0.0,24.0,clear
2026-07-11,20,0.0,0.0,0.0,clear
2026-07-11,21,0.0,0.0,0.0,clear
2026-07-11,22,0.0,0.0,0.0,clear
2026-07-11,23,0.0,0.0,0.0,clear
2026-07-12,0,0.0,0.0,0.0,clear
2026-07-12,1,0.0,0.0,0.0,clear
2026-07-12,2,0.0,0.0,0.0,clear
2026-07-12,3,0.0,0.0,0.0,clear
2026-07-12,4,0.001,0.0,0.0,clear
2026-07-12,5,0.084,0.0,2.0,clear
2026-07-12,6,0.166,0.0,31.0,clear
2026-07-12,7,0.308,0.3426,89.0,clear
2026-07-12,8,0.838,0.5142,135.0,clear
2026-07-12,9,1.035,0.712,226.0,clear
2026-07-12,10,0.9630000000000001,0.6219,160.0,clear
2026-07-12,11,0.83,0.7054,181.0,clear
2026-07-12,12,0.708,0.9917,312.0,clear
2026-07-12,13,0.614,1.1711,475.0,clear
2026-07-12,14,0.436,1.1667,372.0,clear
2026-07-12,15,0.325,0.5406,172.0,clear
2026-07-12,16,0.248,0.3047,119.0,clear
2026-07-12,17,0.125,0.1784,68.0,clear
2026-07-12,18,0.031,0.2384,46.0,rain
2026-07-12,19,0.0,0.0,11.0,rain
2026-07-12,20,0.0,0.0,0.0,clear
2026-07-12,21,0.0,0.0,0.0,clear
2026-07-12,22,0.0,0.0,0.0,clear
2026-07-12,23,0.0,0.0,0.0,clear
2026-07-13,0,0.0,0.0,0.0,rain
2026-07-13,1,0.0,0.0,0.0,rain
2026-07-13,2,0.0,0.0,0.0,rain
2026-07-13,3,0.0,0.0,0.0,rain
2026-07-13,4,0.001,0.0,0.0,rain
2026-07-13,5,0.033,0.0,1.0,clear
2026-07-13,6,0.10899999999999999,0.0,11.0,clear
2026-07-13,7,0.246,0.1741,43.0,rain
2026-07-13,8,0.32999999999999996,0.3284,86.0,rain
2026-07-13,9,0.577,0.5689,147.0,rain
2026-07-13,10,0.9,0.5961,153.0,rain
2026-07-13,11,1.138,0.5704,146.0,rain
2026-07-13,12,0.479,0.7145,183.0,clear
2026-07-13,13,0.498,0.7387,190.0,rain
2026-07-13,14,0.454,0.6858,178.0,rain
2026-07-13,15,0.3,0.4781,177.0,clear
2026-07-13,16,0.187,0.1857,98.0,clear
2026-07-13,17,0.11599999999999999,0.2021,98.0,clear
2026-07-13,18,0.03,0.3011,93.0,clear
2026-07-13,19,0.0,0.0,18.0,clear
2026-07-13,20,0.0,0.0,0.0,clear
2026-07-13,21,0.0,0.0,0.0,clear
2026-07-13,22,0.0,0.0,0.0,clear
2026-07-13,23,0.0,0.0,0.0,clear
2026-07-14,0,0.0,0.0,0.0,clear
2026-07-14,1,0.0,0.0,0.0,clear
2026-07-14,2,0.0,0.0,0.0,clear
2026-07-14,3,0.0,0.0,0.0,clear
2026-07-14,4,0.011,0.0,0.0,clear
2026-07-14,5,0.219,0.0,3.0,clear
2026-07-14,6,0.517,0.0,67.0,clear
2026-07-14,7,0.883,0.7339,197.0,clear
2026-07-14,8,1.359,0.9212,359.0,clear
2026-07-14,9,1.843,1.3419,516.0,clear
2026-07-14,10,2.145,1.66,634.0,clear
2026-07-14,11,2.1630000000000003,1.953,731.0,clear
2026-07-14,12,2.174,2.1306,798.0,clear
2026-07-14,13,1.915,2.0765,781.0,clear
2026-07-14,14,1.744,1.7048,647.0,clear
2026-07-14,15,1.424,0.9957,507.0,clear
2026-07-14,16,0.879,0.7482,409.0,clear
2026-07-14,17,0.427,0.4746,253.0,clear
2026-07-14,18,0.059,0.3023,113.0,clear
2026-07-14,19,0.0,0.0,24.0,clear
2026-07-14,20,0.0,0.0,0.0,clear
2026-07-14,21,0.0,0.0,0.0,clear
2026-07-14,22,0.0,0.0,0.0,clear
2026-07-14,23,0.0,0.0,0.0,clear
2026-07-15,0,0.0,0.0,0.0,clear
2026-07-15,1,0.0,0.0,0.0,clear
2026-07-15,2,0.0,0.0,0.0,clear
2026-07-15,3,0.0,0.0,0.0,clear
2026-07-15,4,0.006,0.0,0.0,clear
2026-07-15,5,0.15,0.0,2.0,clear
2026-07-15,6,0.599,0.0,52.0,clear
2026-07-15,7,1.082,0.6723,180.0,clear
2026-07-15,8,1.1480000000000001,1.3229,345.0,clear
2026-07-15,9,1.294,1.3838,516.0,clear
2026-07-15,10,2.136,1.7685,655.0,clear
2026-07-15,11,2.254,2.0202,759.0,clear
2026-07-15,12,2.0300000000000002,2.2078,830.0,clear
2026-07-15,13,2.157,2.2013,831.0,clear
2026-07-15,14,1.827,1.9978,761.0,clear
2026-07-15,15,1.267,1.3493,675.0,clear
2026-07-15,16,0.664,0.9714,529.0,clear
2026-07-15,17,0.354,0.62,338.0,clear
2026-07-15,18,0.068,0.299,163.0,clear
2026-07-15,19,0.0,0.0,32.0,clear
2026-07-15,20,0.0,0.0,0.0,clear
2026-07-15,21,0.0,0.0,0.0,clear
2026-07-15,22,0.0,0.0,0.0,clear
2026-07-15,23,0.0,0.0,0.0,clear
2026-07-16,0,0.0,0.0,0.0,clear
2026-07-16,1,0.0,0.0,0.0,clear
2026-07-16,2,0.0,0.0,0.0,clear
2026-07-16,3,0.0,0.0,0.0,clear
2026-07-16,4,0.004,0.0,0.0,clear
2026-07-16,5,0.18000000000000002,0.0,2.0,clear
2026-07-16,6,0.667,0.0,62.0,clear
2026-07-16,7,0.9790000000000001,0.7415,196.0,clear
2026-07-16,8,0.929,1.34,345.0,clear
2026-07-16,9,1.208,1.1655,438.0,clear
2026-07-16,10,1.7610000000000001,1.4252,532.0,clear
2026-07-16,11,1.891,1.738,647.0,clear
2026-07-16,12,1.775,1.9386,735.0,clear
2026-07-16,13,1.5030000000000001,1.9253,733.0,clear
2026-07-16,14,0.57,1.7208,661.0,clear
2026-07-16,15,0.307,1.0097,508.0,clear
2026-07-16,16,0.08,0.6221,347.0,clear
2026-07-16,17,0.06,0.4065,220.0,clear
2026-07-16,18,0.016,0.2972,95.0,clear
2026-07-16,19,0.0,0.0,21.0,clear
2026-07-16,20,0.0,0.0,0.0,clear
2026-07-16,21,0.0,0.0,0.0,clear
2026-07-16,22,0.0,0.0,0.0,clear
2026-07-16,23,0.0,0.0,0.0,clear
2026-07-17,0,0.0,0.0,0.0,clear
2026-07-17,1,0.0,0.0,0.0,clear
2026-07-17,2,0.0,0.0,0.0,clear
2026-07-17,3,0.0,0.0,0.0,clear
2026-07-17,4,0.002,0.0,0.0,rain
2026-07-17,5,0.118,0.0,1.0,clear
2026-07-17,6,0.512,0.0,27.0,clear
2026-07-17,7,1.081,0.2913,70.0,clear
2026-07-17,8,1.019,0.5512,129.0,clear
2026-07-17,9,1.166,0.7585,239.0,rain
2026-07-17,10,1.531,1.1055,346.0,rain
2026-07-17,11,1.31,1.259,393.0,rain
2026-07-17,12,0.772,0.9061,283.0,rain
2026-07-17,13,0.20800000000000002,0.7515,191.0,rain
2026-07-17,14,0.08299999999999999,0.6395,164.0,rain
2026-07-17,15,0.28200000000000003,0.5407,193.0,rain
2026-07-17,16,0.385,0.4318,239.0,rain
2026-07-17,17,0.14,0.347,186.0,rain
2026-07-17,18,0.011,0.2781,82.0,rain
2026-07-17,19,0.0,0.0,13.0,rain
2026-07-17,20,0.0,0.0,0.0,rain
2026-07-17,21,0.0,0.0,0.0,rain
2026-07-17,22,0.0,0.0,0.0,rain
2026-07-17,23,0.0,0.0,0.0,rain
2026-07-18,0,0.0,0.0,0.0,rain
2026-07-18,1,0.0,0.0,0.0,rain
2026-07-18,2,0.0,0.0,0.0,rain
2026-07-18,3,0.0,0.0,0.0,clear
2026-07-18,4,0.001,0.0,0.0,clear
2026-07-18,5,0.1,0.0,1.0,clear
2026-07-18,6,0.356,0.0,14.0,clear
2026-07-18,7,0.515,0.2574,61.0,clear
2026-07-18,8,0.651,0.7146,165.0,clear
2026-07-18,9,0.8840000000000001,0.8189,254.0,clear
2026-07-18,10,0.72,1.0711,330.0,clear
2026-07-18,11,0.388,1.2594,387.0,clear
2026-07-18,12,0.7849999999999999,1.0928,336.0,clear
2026-07-18,13,1.576,0.9523,294.0,clear
2026-07-18,14,1.334,0.9183,286.0,clear
2026-07-18,15,1.001,0.887,292.0,clear
2026-07-18,16,0.935,0.4247,245.0,clear
2026-07-18,17,0.358,0.314,175.0,clear
2026-07-18,18,0.04,0.2785,85.0,clear
2026-07-18,19,0.0,0.0,17.0,clear
2026-07-18,20,0.0,0.0,0.0,clear
2026-07-18,21,0.0,0.0,0.0,clear
2026-07-18,22,0.0,0.0,0.0,clear
2026-07-18,23,0.0,0.0,0.0,clear
2026-07-19,0,0.0,0.0,0.0,clear
2026-07-19,1,0.0,0.0,0.0,clear
2026-07-19,2,0.0,0.0,0.0,clear
2026-07-19,3,0.0,0.0,0.0,clear
2026-07-19,4,0.003,0.0,0.0,clear
2026-07-19,5,0.081,0.0,1.0,clear
2026-07-19,6,0.269,0.0,52.0,clear
2026-07-19,7,0.7,0.6487,177.0,clear
2026-07-19,8,1.341,1.0572,281.0,clear
2026-07-19,9,1.2109999999999999,1.1187,347.0,clear
2026-07-19,10,1.995,1.3437,414.0,clear
2026-07-19,11,1.8319999999999999,1.3154,485.0,clear
2026-07-19,12,2.132,1.4392,531.0,clear
2026-07-19,13,2.112,1.3794,511.0,clear
2026-07-19,14,1.863,1.3594,508.0,clear
2026-07-19,15,1.3980000000000001,0.8596,452.0,clear
2026-07-19,16,0.988,0.6437,363.0,clear
2026-07-19,17,0.5469999999999999,0.4582,249.0,clear
2026-07-19,18,0.084,0.2849,126.0,clear
2026-07-19,19,0.001,0.0,24.0,clear
2026-07-19,20,0.0,0.0,0.0,clear
2026-07-19,21,0.0,0.0,0.0,clear
2026-07-19,22,0.0,0.0,0.0,clear
2026-07-19,23,0.0,0.0,0.0,clear
2026-07-20,0,0.0,0.0,0.0,clear
2026-07-20,1,0.0,0.0,0.0,clear
2026-07-20,2,0.0,0.0,0.0,clear
2026-07-20,3,0.0,0.0,0.0,clear
2026-07-20,4,0.007,0.0,0.0,clear
2026-07-20,5,0.17700000000000002,0.0,1.0,clear
2026-07-20,6,0.5640000000000001,0.0,36.0,clear
2026-07-20,7,1.02,0.4937,116.0,clear
2026-07-20,8,1.464,1.0687,282.0,clear
2026-07-20,9,1.76,1.4506,520.0,clear
2026-07-20,10,2.135,1.8591,662.0,clear
2026-07-20,11,2.232,1.98,772.0,clear
2026-07-20,12,2.117,2.1045,821.0,clear
2026-07-20,13,2.054,2.0832,816.0,clear
2026-07-20,14,1.791,1.9285,762.0,clear
2026-07-20,15,1.363,1.2887,651.0,clear
2026-07-20,16,0.783,0.9129,501.0,clear
2026-07-20,17,0.448,0.6092,337.0,clear
2026-07-20,18,0.061,0.2825,153.0,clear
2026-07-20,19,0.0,0.0,26.0,clear
2026-07-20,20,0.0,0.0,0.0,clear
2026-07-20,21,0.0,0.0,0.0,clear
2026-07-20,22,0.0,0.0,0.0,clear
2026-07-20,23,0.0,0.0,0.0,clear
2026-07-21,0,0.0,0.0,0.0,clear
2026-07-21,1,0.0,0.0,0.0,clear
2026-07-21,2,0.0,0.0,0.0,clear
2026-07-21,3,0.0,0.0,0.0,clear
2026-07-21,4,0.005,0.0,0.0,clear
2026-07-21,5,0.107,0.0,1.0,clear
2026-07-21,6,0.41900000000000004,0.0,42.0,clear
2026-07-21,7,0.8360000000000001,0.5811,156.0,clear
2026-07-21,8,1.465,1.2465,326.0,clear
2026-07-21,9,1.7919999999999998,1.2821,456.0,clear
2026-07-21,10,2.153,1.6303,576.0,clear
2026-07-21,11,1.939,1.9723,695.0,clear
2026-07-21,12,0.44999999999999996,1.93,761.0,clear
2026-07-21,13,0.8049999999999999,1.9374,767.0,clear
2026-07-21,14,1.741,1.773,708.0,clear
2026-07-21,15,1.021,1.2,607.0,clear
2026-07-21,16,0.8260000000000001,0.8822,493.0,clear
2026-07-21,17,0.14600000000000002,0.5968,327.0,clear
2026-07-21,18,0.030000000000000002,0.2776,149.0,clear
2026-07-21,19,0.0,0.0,26.0,clear
2026-07-21,20,0.0,0.0,0.0,clear
2026-07-21,21,0.0,0.0,0.0,clear
2026-07-21,22,0.0,0.0,0.0,clear
2026-07-21,23,0.0,0.0,0.0,clear
2026-07-22,0,0.0,0.0,0.0,clear
2026-07-22,1,0.0,0.0,0.0,clear
2026-07-22,2,0.0,0.0,0.0,clear
2026-07-22,3,0.0,0.0,0.0,clear
2026-07-22,4,0.004,0.0,0.0,clear
2026-07-22,5,0.155,0.0,1.0,clear
2026-07-22,6,0.523,0.0,59.0,clear
2026-07-22,7,0.98,0.7469,198.0,clear
2026-07-22,8,1.199,1.4258,389.0,clear
2026-07-22,9,1.483,1.5366,539.0,clear
2026-07-22,10,2.081,1.6975,698.0,clear
2026-07-22,11,1.726,2.0092,824.0,clear
2026-07-22,12,1.625,2.1006,862.0,clear
2026-07-22,13,1.3969999999999998,2.0268,835.0,clear
2026-07-22,14,1.7400000000000002,1.6581,689.0,clear
2026-07-22,15,1.2879999999999998,1.2168,622.0,clear
2026-07-22,16,0.83,0.8866,504.0,clear
2026-07-22,17,0.362,0.585,321.0,clear
2026-07-22,18,0.059000000000000004,0.2725,144.0,clear
2026-07-22,19,0.0,0.0,23.0,clear
2026-07-22,20,0.0,0.0,0.0,clear
2026-07-22,21,0.0,0.0,0.0,clear
2026-07-22,22,0.0,0.0,0.0,clear
2026-07-22,23,0.0,0.0,0.0,clear
2026-07-23,0,0.0,0.0,0.0,clear
2026-07-23,1,0.0,0.0,0.0,clear
2026-07-23,2,0.0,0.0,0.0,clear
2026-07-23,3,0.0,0.0,0.0,clear
2026-07-23,4,0.005,0.0,0.0,clear
2026-07-23,5,0.182,0.0,1.0,clear
2026-07-23,6,0.571,0.0,66.0,clear
2026-07-23,7,1.026,0.8733,230.0,clear
2026-07-23,8,1.4780000000000002,1.5398,427.0,clear
2026-07-23,9,1.841,1.7415,611.0,clear
2026-07-23,10,2.157,1.8322,762.0,clear
2026-07-23,11,2.242,2.0877,866.0,clear
2026-07-23,12,1.581,2.1998,913.0,clear
2026-07-23,13,1.582,2.1335,889.0,clear
2026-07-23,14,0.854,1.8298,769.0,clear
2026-07-23,15,0.9690000000000001,1.1776,603.0,clear
2026-07-23,16,0.6990000000000001,0.763,441.0,clear
2026-07-23,17,0.20700000000000002,0.5436,299.0,clear
2026-07-23,18,0.03900000000000001,0.267,139.0,clear
2026-07-23,19,0.0,0.0,21.0,clear
2026-07-23,20,0.0,0.0,0.0,rain
2026-07-23,21,0.0,0.0,0.0,rain
2026-07-23,22,0.0,0.0,0.0,rain
2026-07-23,23,0.0,0.0,0.0,clear
2026-07-24,0,0.0,0.0,0.0,clear
2026-07-24,1,0.0,0.0,0.0,clear
2026-07-24,2,0.0,0.0,0.0,clear
2026-07-24,3,0.0,0.0,0.0,clear
2026-07-24,4,0.003,0.0,0.0,clear
2026-07-24,5,0.132,0.0,1.0,clear
2026-07-24,6,0.34099999999999997,0.0,53.0,clear
2026-07-24,7,0.47100000000000003,0.6397,168.0,clear
2026-07-24,8,0.657,1.1799,302.0,clear
2026-07-24,9,0.874,1.2817,449.0,clear
2026-07-24,10,1.5499999999999998,1.6579,577.0,clear
2026-07-24,11,1.358,1.9128,664.0,clear
2026-07-24,12,1.861,2.0441,710.0,clear
2026-07-24,13,1.487,1.6889,716.0,clear
2026-07-24,14,1.6640000000000001,1.4361,614.0,clear
2026-07-24,15,1.2389999999999999,0.929,481.0,clear
2026-07-24,16,0.6890000000000001,0.5879,346.0,clear
2026-07-24,17,0.133,0.3816,213.0,clear
2026-07-24,18,0.023,0.2613,93.0,clear
2026-07-24,19,0.001,0.0,16.0,clear
2026-07-24,20,0.0,0.0,0.0,rain
2026-07-24,21,0.0,0.0,0.0,rain
2026-07-24,22,0.0,0.0,0.0,rain
2026-07-24,23,0.0,0.0,0.0,clear
2026-07-25,0,0.0,0.0,0.0,rain
2026-07-25,1,0.0,0.0,0.0,clear
2026-07-25,2,0.0,0.0,0.0,rain
2026-07-25,3,0.0,0.0,0.0,rain
2026-07-25,4,0.002,0.0,0.0,clear
2026-07-25,5,0.078,0.0,0.0,clear
2026-07-25,6,0.362,0.0,25.0,clear
2026-07-25,7,0.9239999999999999,0.4956,118.0,clear
2026-07-25,8,1.4780000000000002,0.9728,257.0,clear
2026-07-25,9,1.6789999999999998,1.4004,497.0,clear
2026-07-25,10,2.133,1.688,714.0,clear
2026-07-25,11,2.248,1.9745,833.0,clear
2026-07-25,12,1.9889999999999999,2.0586,869.0,clear
2026-07-25,13,1.8079999999999998,1.9563,829.0,clear
2026-07-25,14,1.278,1.6427,702.0,clear
2026-07-25,15,0.827,0.9203,462.0,rain
2026-07-25,16,0.28800000000000003,0.6384,380.0,rain
2026-07-25,17,0.16899999999999998,0.4747,267.0,clear
2026-07-25,18,0.045,0.2536,96.0,clear
2026-07-25,19,0.0,0.0,17.0,rain
2026-07-25,20,0.0,0.0,0.0,rain
2026-07-25,21,0.0,0.0,0.0,clear
2026-07-25,22,0.0,0.0,0.0,clear
2026-07-25,23,0.0,0.0,0.0,clear
2026-07-26,0,0.0,0.0,0.0,rain
2026-07-26,1,0.0,0.0,0.0,clear
2026-07-26,2,0.0,0.0,0.0,clear
2026-07-26,3,0.0,0.0,0.0,clear
2026-07-26,4,0.004,0.0,0.0,clear
2026-07-26,5,0.14800000000000002,0.0,1.0,clear
2026-07-26,6,0.543,0.0,52.0,clear
2026-07-26,7,0.9510000000000001,0.6583,178.0,clear
2026-07-26,8,1.326,1.2255,323.0,clear
2026-07-26,9,1.8780000000000001,1.4309,506.0,clear
2026-07-26,10,2.205,1.6804,710.0,clear
2026-07-26,11,1.712,1.9576,825.0,clear
2026-07-26,12,0.154,2.0063,846.0,clear
2026-07-26,13,0.057,1.7624,746.0,clear
2026-07-26,14,0.8260000000000001,1.527,542.0,clear
2026-07-26,15,1.447,0.7552,383.0,clear
2026-07-26,16,0.609,0.5075,285.0,rain
2026-07-26,17,0.14900000000000002,0.3032,165.0,rain
2026-07-26,18,0.019,0.0796,18.0,rain
2026-07-26,19,0.0,0.0,3.0,rain
2026-07-26,20,0.0,0.0,0.0,rain
2026-07-26,21,0.0,0.0,0.0,rain
2026-07-26,22,0.0,0.0,0.0,rain
2026-07-26,23,0.0,0.0,0.0,rain
2026-07-27,0,0.0,0.0,0.0,clear
2026-07-27,1,0.0,0.0,0.0,clear
2026-07-27,2,0.0,0.0,0.0,clear
2026-07-27,3,0.0,0.0,0.0,clear
2026-07-27,4,0.0,0.0,0.0,clear
2026-07-27,5,0.048,0.0,0.0,clear
2026-07-27,6,0.194,0.0,35.0,clear
2026-07-27,7,0.431,0.4896,131.0,clear
2026-07-27,8,0.425,0.9699,253.0,clear
2026-07-27,9,0.7070000000000001,1.2184,377.0,clear
2026-07-27,10,0.931,1.4858,523.0,clear
2026-07-27,11,1.345,1.8114,636.0,clear
2026-07-27,12,2.0060000000000002,1.91,671.0,clear
2026-07-27,13,1.086,1.8489,652.0,clear
2026-07-27,14,0.718,1.386,599.0,clear
2026-07-27,15,0.365,0.9643,496.0,clear
2026-07-27,16,0.20900000000000002,0.5326,296.0,clear
2026-07-27,17,0.121,0.2949,160.0,clear
2026-07-27,18,0.014,0.2445,82.0,clear
2026-07-27,19,0.0,0.0,14.0,clear
2026-07-27,20,0.0,0.0,0.0,clear
2026-07-27,21,0.0,0.0,0.0,clear
2026-07-27,22,0.0,0.0,0.0,clear
2026-07-27,23,0.0,0.0,0.0,clear
2026-07-28,0,0.0,0.0,0.0,clear
2026-07-28,1,0.0,0.0,0.0,clear
2026-07-28,2,0.0,0.0,0.0,clear
2026-07-28,3,0.0,0.0,0.0,clear
2026-07-28,4,0.0,0.0,0.0,clear
2026-07-28,5,0.022,0.0,0.0,clear
2026-07-28,6,0.133,0.0,29.0,clear
2026-07-28,7,0.45499999999999996,0.4123,99.0,clear
2026-07-28,8,0.83,0.7364,196.0,clear
2026-07-28,9,0.46199999999999997,0.9275,289.0,clear
2026-07-28,10,0.6479999999999999,1.3469,417.0,clear
2026-07-28,11,1.456,1.3721,489.0,clear
2026-07-28,12,1.461,1.4331,511.0,clear
2026-07-28,13,0.881,1.409,437.0,clear
2026-07-28,14,0.137,1.1896,372.0,rain
2026-07-28,15,0.389,1.119,300.0,rain
2026-07-28,16,0.177,0.4817,271.0,clear
2026-07-28,17,0.092,0.3094,170.0,clear
2026-07-28,18,0.013000000000000001,0.2135,57.0,rain
2026-07-28,19,0.0,0.0,9.0,rain
2026-07-28,20,0.0,0.0,0.0,rain
2026-07-28,21,0.0,0.0,0.0,clear
2026-07-28,22,0.0,0.0,0.0,clear
2026-07-28,23,0.0,0.0,0.0,clear
2026-07-29,0,0.0,0.0,0.0,clear
2026-07-29,1,0.0,0.0,0.0,clear
2026-07-29,2,0.0,0.0,0.0,clear
2026-07-29,3,0.0,0.0,0.0,clear
2026-07-29,4,0.002,0.0,0.0,clear
2026-07-29,5,0.16,0.0,1.0,clear
2026-07-29,6,0.476,0.0,59.0,clear
2026-07-29,7,1.097,0.7503,209.0,clear
2026-07-29,8,1.5110000000000001,1.3049,390.0,clear
2026-07-29,9,1.874,1.5878,570.0,clear
2026-07-29,10,1.466,1.6807,725.0,clear
2026-07-29,11,1.295,1.8336,789.0,clear
2026-07-29,12,1.529,1.677,722.0,clear
2026-07-29,13,0.748,1.6566,592.0,clear
2026-07-29,14,1.218,1.2962,467.0,clear
2026-07-29,15,1.415,0.9618,505.0,clear
2026-07-29,16,0.895,0.7234,444.0,clear
2026-07-29,17,0.258,0.4177,290.0,clear
2026-07-29,18,0.027,0.2319,95.0,clear
2026-07-29,19,0.0,0.0,12.0,clear
2026-07-29,20,0.0,0.0,0.0,clear
2026-07-29,21,0.0,0.0,0.0,clear
2026-07-29,22,0.0,0.0,0.0,clear
2026-07-29,23,0.0,0.0,0.0,clear
2026-07-30,0,0.0,0.0,0.0,clear
2026-07-30,1,0.0,0.0,0.0,clear
2026-07-30,2,0.0,0.0,0.0,clear
2026-07-30,3,0.0,0.0,0.0,clear
2026-07-30,4,0.001,0.0,0.0,clear
2026-07-30,5,0.087,0.0,0.0,clear
2026-07-30,6,0.39899999999999997,0.0,47.0,clear
2026-07-30,7,0.5469999999999999,0.629,175.0,clear
2026-07-30,8,1.1219999999999999,1.2198,331.0,clear
2026-07-30,9,1.664,1.4352,518.0,clear
2026-07-30,10,1.9569999999999999,1.8122,650.0,clear
2026-07-30,11,1.875,1.3584,486.0,clear
2026-07-30,12,2.266,1.4722,527.0,clear
2026-07-30,13,1.337,1.5925,695.0,clear
2026-07-30,14,0.761,1.1126,403.0,clear
2026-07-30,15,1.412,0.8452,231.0,clear
2026-07-30,16,0.77,0.5125,294.0,clear
2026-07-30,17,0.29700000000000004,0.3394,244.0,clear
2026-07-30,18,0.057,0.2216,108.0,clear
2026-07-30,19,0.0,0.0,11.0,clear
2026-07-30,20,0.0,0.0,0.0,clear
2026-07-30,21,0.0,0.0,0.0,clear
2026-07-30,22,0.0,0.0,0.0,clear
2026-07-30,23,0.0,0.0,0.0,clear
2026-07-31,0,0.0,0.0,0.0,clear
2026-07-31,1,0.0,0.0,0.0,clear
2026-07-31,2,0.0,0.0,0.0,clear
2026-07-31,3,0.0,0.0,0.0,clear
2026-07-31,4,0.0,0.0,0.0,clear
2026-07-31,5,0.157,0.0,0.0,clear
2026-07-31,6,0.361,0.0,36.0,clear
2026-07-31,7,0.631,0.7478,145.0,clear
2026-07-31,8,1.03,1.3942,336.0,clear
2026-07-31,9,1.024,1.6179,509.0,clear
2026-07-31,10,1.442,2.0912,659.0,clear
2026-07-31,11,2.04,1.6618,733.0,clear
2026-07-31,12,2.2,1.8251,822.0,clear
2026-07-31,13,1.349,1.5705,732.0,clear
2026-07-31,14,1.152,1.2547,581.0,clear
2026-07-31,15,1.2429999999999999,0.874,400.0,clear
2026-07-31,16,0.47,0.3475,279.0,clear
2026-07-31,17,0.383,0.1765,137.0,clear
2026-07-31,18,0.023,0.0122,84.0,clear
2026-07-31,19,0.0,0.0,11.0,clear
2026-07-31,20,0.0,0.0,0.0,clear
2026-07-31,21,0.0,0.0,0.0,clear
2026-07-31,22,0.0,0.0,0.0,clear
2026-07-31,23,0.0,0.0,0.0,clear
2026-08-01,0,0.0,0.0,0.0,clear
2026-08-01,1,0.0,0.0,0.0,clear
2026-08-01,2,0.0,0.0,0.0,clear
2026-08-01,3,0.0,0.0,0.0,clear
2026-08-01,4,0.001,0.0,0.0,clear
2026-08-01,5,0.086,0.0,0.0,clear
2026-08-01,6,0.43799999999999994,0.0,45.0,clear
2026-08-01,7,1.036,0.7913,164.0,clear
2026-08-01,8,1.377,1.3105,331.0,clear
2026-08-01,9,1.831,1.6134,506.0,clear
2026-08-01,10,2.125,1.948,610.0,clear
2026-08-01,11,2.183,1.9343,652.0,clear
2026-08-01,12,1.857,1.8623,643.0,clear
2026-08-01,13,1.702,1.484,575.0,clear
2026-08-01,14,1.279,1.1,436.0,clear
2026-08-01,15,1.3199999999999998,0.7724,462.0,clear
2026-08-01,16,0.956,0.4425,359.0,clear
2026-08-01,17,0.448,0.1271,221.0,clear
2026-08-01,18,0.053000000000000005,0.025,98.0,clear
2026-08-01,19,0.0,0.0,14.0,clear
2026-08-01,20,0.0,0.0,0.0,clear
2026-08-01,21,0.0,0.0,0.0,clear
2026-08-01,22,0.0,0.0,0.0,clear
2026-08-01,23,0.0,0.0,0.0,clear
2026-08-02,0,0.0,0.0,0.0,clear
2026-08-02,1,0.0,0.0,0.0,clear
2026-08-02,2,0.0,0.0,0.0,clear
2026-08-02,3,0.0,0.0,0.0,clear
2026-08-02,4,0.002,0.0,0.0,clear
2026-08-02,5,0.12,0.0,0.0,clear
2026-08-02,6,0.529,0.0,37.0,clear
2026-08-02,7,0.9690000000000001,0.7198,141.0,clear
2026-08-02,8,1.437,1.0832,267.0,clear
2026-08-02,9,1.685,1.3904,429.0,clear
2026-08-02,10,2.0789999999999997,1.9481,607.0,clear
2026-08-02,11,2.125,2.0532,668.0,clear
2026-08-02,12,2.007,2.0285,691.0,clear
2026-08-02,13,2.022,1.5382,760.0,clear
2026-08-02,14,1.635,1.245,609.0,clear
2026-08-02,15,0.54,0.7958,457.0,clear
2026-08-02,16,0.23900000000000002,0.471,327.0,clear
2026-08-02,17,0.043,0.2195,114.0,rain
2026-08-02,18,0.031,0.0715,35.0,clear
2026-08-02,19,0.0,0.0,7.0,rain
2026-08-02,20,0.0,0.0,0.0,clear
2026-08-02,21,0.0,0.0,0.0,clear
2026-08-02,22,0.0,0.0,0.0,clear
2026-08-02,23,0.0,0.0,0.0,rain
2026-08-03,0,0.0,0.0,0.0,rain
2026-08-03,1,0.0,0.0,0.0,clear
2026-08-03,2,0.0,0.0,0.0,clear
2026-08-03,3,0.0,0.0,0.0,clear
2026-08-03,4,0.0,0.0,0.0,clear
2026-08-03,5,0.021,0.0,0.0,clear
2026-08-03,6,0.092,0.0,12.0,clear
2026-08-03,7,0.251,0.3727,54.0,clear
2026-08-03,8,0.21400000000000002,0.6734,114.0,clear
2026-08-03,9,0.272,0.5223,165.0,clear
2026-08-03,10,0.279,0.8573,162.0,clear
2026-08-03,11,0.42500000000000004,0.5697,170.0,clear
2026-08-03,12,0.441,0.5997,190.0,clear
2026-08-03,13,0.403,0.7915,197.0,clear
2026-08-03,14,0.307,0.595,169.0,clear
2026-08-03,15,0.153,0.5218,129.0,clear
2026-08-03,16,0.188,0.1478,105.0,clear
2026-08-03,17,0.109,0.0658,83.0,clear
2026-08-03,18,0.021,0.0828,33.0,clear
2026-08-03,19,0.0,0.0,4.0,clear
2026-08-03,20,0.0,0.0,0.0,clear
2026-08-03,21,0.0,0.0,0.0,clear
2026-08-03,22,0.0,0.0,0.0,clear
2026-08-03,23,0.0,0.0,0.0,clear
2026-08-04,0,0.0,0.0,0.0,clear
2026-08-04,1,0.0,0.0,0.0,clear
2026-08-04,2,0.0,0.0,0.0,clear
2026-08-04,3,0.0,0.0,0.0,clear
2026-08-04,4,0.002,0.0,0.0,clear
2026-08-04,5,0.137,0.0,0.0,clear
2026-08-04,6,0.593,0.0,46.0,clear
2026-08-04,7,1.162,0.8899,184.0,clear
2026-08-04,8,1.541,1.293,359.0,clear
2026-08-04,9,1.532,1.7539,542.0,clear
2026-08-04,10,1.307,1.7571,700.0,clear
2026-08-04,11,1.565,1.8056,780.0,clear
2026-08-04,12,1.745,1.76,782.0,clear
2026-08-04,13,1.802,1.5453,755.0,clear
2026-08-04,14,1.415,1.434,683.0,clear
2026-08-04,15,1.218,1.0295,588.0,clear
2026-08-04,16,0.753,0.6117,388.0,clear
2026-08-04,17,0.289,0.1302,200.0,clear
2026-08-04,18,0.038000000000000006,0.1157,58.0,clear
2026-08-04,19,0.0,0.0,7.0,clear
2026-08-04,20,0.0,0.0,0.0,rain
2026-08-04,21,0.0,0.0,0.0,clear
2026-08-04,22,0.0,0.0,0.0,clear
2026-08-04,23,0.0,0.0,0.0,clear
2026-08-05,0,0.0,0.0,0.0,clear
2026-08-05,1,0.0,0.0,0.0,clear
2026-08-05,2,0.0,0.0,0.0,clear
2026-08-05,3,0.0,0.0,0.0,clear
2026-08-05,4,0.001,0.0,0.0,clear
2026-08-05,5,0.085,0.0,0.0,clear
2026-08-05,6,0.5800000000000001,0.0,20.0,clear
2026-08-05,7,0.9910000000000001,0.2695,71.0,clear
2026-08-05,8,1.448,0.4897,127.0,clear
2026-08-05,9,1.874,0.4724,163.0,clear
2026-08-05,10,2.003,0.7081,268.0,clear
2026-08-05,11,2.127,1.3069,376.0,clear
2026-08-05,12,1.771,1.4294,472.0,clear
2026-08-05,13,1.649,1.3625,524.0,clear
2026-08-05,14,1.315,1.1962,466.0,clear
2026-08-05,15,0.657,0.711,345.0,clear
2026-08-05,16,0.7230000000000001,0.2654,230.0,clear
2026-08-05,17,0.171,0.0881,146.0,clear
2026-08-05,18,0.028,0.0923,67.0,clear
2026-08-05,19,0.0,0.0,8.0,clear
2026-08-05,20,0.0,0.0,0.0,rain
2026-08-05,21,0.0,0.0,0.0,clear
2026-08-05,22,0.0,0.0,0.0,rain
2026-08-05,23,0.0,0.0,0.0,rain
2026-08-06,0,0.0,0.0,0.0,rain
2026-08-06,1,0.0,0.0,0.0,rain
2026-08-06,2,0.0,0.0,0.0,rain
2026-08-06,3,0.0,0.0,0.0,rain
2026-08-06,4,0.0,0.0,0.0,rain
2026-08-06,5,0.074,0.0,0.0,rain
2026-08-06,6,0.309,0.0,14.0,rain
2026-08-06,7,0.648,0.2395,54.0,rain
2026-08-06,8,0.9770000000000001,0.5008,126.0,rain
2026-08-06,9,1.7,0.6358,235.0,clear
2026-08-06,10,2.081,1.0925,364.0,clear
2026-08-06,11,2.159,1.7177,554.0,clear
2026-08-06,12,1.954,1.7069,578.0,clear
2026-08-06,13,1.6070000000000002,1.7405,609.0,clear
2026-08-06,14,1.492,1.2844,591.0,clear
2026-08-06,15,1.189,0.9551,538.0,clear
2026-08-06,16,0.912,0.6527,411.0,clear
2026-08-06,17,0.402,0.2154,254.0,clear
2026-08-06,18,0.025,0.0149,102.0,clear
2026-08-06,19,0.0,0.0,11.0,clear
2026-08-06,20,0.0,0.0,0.0,clear
2026-08-06,21,0.0,0.0,0.0,clear
2026-08-06,22,0.0,0.0,0.0,clear
2026-08-06,23,0.0,0.0,0.0,clear
2026-08-07,0,0.0,0.0,0.0,clear
2026-08-07,1,0.0,0.0,0.0,clear
2026-08-07,2,0.0,0.0,0.0,clear
2026-08-07,3,0.0,0.0,0.0,clear
2026-08-07,4,0.001,0.0,0.0,clear
2026-08-07,5,0.118,0.0,0.0,clear
2026-08-07,6,0.547,0.0,35.0,clear
2026-08-07,7,1.02,0.7364,140.0,clear
2026-08-07,8,1.483,1.1132,266.0,clear
2026-08-07,9,1.351,1.3158,433.0,rain
2026-08-07,10,1.218,1.7696,579.0,rain
2026-08-07,11,2.022,2.0371,665.0,rain
2026-08-07,12,2.298,2.0851,681.0,rain
2026-08-07,13,2.159,1.8673,612.0,rain
2026-08-07,14,1.845,1.4177,615.0,rain
2026-08-07,15,1.33,0.9204,514.0,clear
2026-08-07,16,0.893,0.6049,376.0,clear
2026-08-07,17,0.405,0.2489,240.0,clear
2026-08-07,18,0.019,0.0244,102.0,clear
2026-08-07,19,0.0,0.0,12.0,clear
2026-08-07,20,0.0,0.0,0.0,clear
2026-08-07,21,0.0,0.0,0.0,clear
2026-08-07,22,0.0,0.0,0.0,clear
2026-08-07,23,0.0,0.0,0.0,clear
2026-08-08,0,0.0,0.0,0.0,clear
2026-08-08,1,0.0,0.0,0.0,clear
2026-08-08,2,0.0,0.0,0.0,clear
2026-08-08,3,0.0,0.0,0.0,clear
2026-08-08,4,0.001,0.0,0.0,clear
2026-08-08,5,0.1,0.0,0.0,clear
2026-08-08,6,0.62,0.0,32.0,clear
2026-08-08,7,1.069,0.7761,144.0,clear
2026-08-08,8,1.452,1.1613,273.0,clear
2026-08-08,9,0.837,1.2689,370.0,clear
2026-08-08,10,1.995,1.5925,495.0,clear
2026-08-08,11,2.2359999999999998,1.9703,631.0,clear
2026-08-08,12,2.324,1.6079,708.0,clear
2026-08-08,13,2.154,1.5628,709.0,clear
2026-08-08,14,1.874,1.4046,645.0,clear
2026-08-08,15,1.087,1.0749,560.0,clear
2026-08-08,16,0.41100000000000003,0.6956,421.0,clear
2026-08-08,17,0.14600000000000002,0.2536,240.0,clear
2026-08-08,18,0.022000000000000002,0.0416,97.0,clear
2026-08-08,19,0.0,0.0,11.0,clear
2026-08-08,20,0.0,0.0,0.0,clear
2026-08-08,21,0.0,0.0,0.0,clear
2026-08-08,22,0.0,0.0,0.0,clear
2026-08-08,23,0.0,0.0,0.0,clear
2026-08-09,0,0.0,0.0,0.0,clear
2026-08-09,1,0.0,0.0,0.0,clear
2026-08-09,2,0.0,0.0,0.0,clear
2026-08-09,3,0.0,0.0,0.0,clear
2026-08-09,4,0.002,0.0,0.0,clear
2026-08-09,5,0.18,0.0,0.0,clear
2026-08-09,6,0.302,0.0,36.0,clear
2026-08-09,7,0.743,0.701,162.0,clear
2026-08-09,8,1.283,1.2872,336.0,clear
2026-08-09,9,1.4969999999999999,1.64,499.0,clear
2026-08-09,10,1.441,2.0404,622.0,clear
2026-08-09,11,1.988,1.9188,610.0,clear
2026-08-09,12,1.6219999999999999,2.0571,676.0,clear
2026-08-09,13,1.423,1.5448,691.0,clear
2026-08-09,14,1.206,1.6323,548.0,clear
2026-08-09,15,0.802,0.9599,420.0,clear
2026-08-09,16,0.4,0.3972,286.0,clear
2026-08-09,17,0.119,0.1995,155.0,rain
2026-08-09,18,0.015,0.1045,62.0,clear
2026-08-09,19,0.0,0.0,6.0,clear
2026-08-09,20,0.0,0.0,0.0,clear
2026-08-09,21,0.0,0.0,0.0,clear
2026-08-09,22,0.0,0.0,0.0,clear
2026-08-09,23,0.0,0.0,0.0,rain
2026-08-10,0,0.0,0.0,0.0,clear
2026-08-10,1,0.0,0.0,0.0,clear
2026-08-10,2,0.0,0.0,0.0,clear
2026-08-10,3,0.0,0.0,0.0,clear
2026-08-10,4,0.0,0.0,0.0,clear
2026-08-10,5,0.10200000000000001,0.0,0.0,clear
2026-08-10,6,0.49,0.0,29.0,clear
2026-08-10,7,1.018,0.6007,122.0,clear
2026-08-10,8,1.498,1.1069,234.0,clear
2026-08-10,9,1.891,1.0371,365.0,clear
2026-08-10,10,2.082,1.5002,472.0,clear
2026-08-10,11,1.9260000000000002,1.8967,607.0,clear
2026-08-10,12,1.9100000000000001,2.0696,693.0,clear
2026-08-10,13,1.9249999999999998,1.6493,737.0,clear
2026-08-10,14,1.725,1.5562,700.0,clear
2026-08-10,15,1.4020000000000001,1.0757,562.0,clear
2026-08-10,16,0.614,0.6828,416.0,clear
2026-08-10,17,0.23299999999999998,0.352,243.0,clear
2026-08-10,18,0.023,0.0382,93.0,clear
2026-08-10,19,0.0,0.0,9.0,clear
2026-08-10,20,0.0,0.0,0.0,clear
2026-08-10,21,0.0,0.0,0.0,clear
2026-08-10,22,0.0,0.0,0.0,clear
2026-08-10,23,0.0,0.0,0.0,clear
2026-08-11,0,0.0,0.0,0.0,clear
2026-08-11,1,0.0,0.0,0.0,clear
2026-08-11,2,0.0,0.0,0.0,clear
2026-08-11,3,0.0,0.0,0.0,clear
2026-08-11,4,0.0,0.0,0.0,clear
2026-08-11,5,0.08600000000000001,0.0,0.0,clear
2026-08-11,6,0.30300000000000005,0.0,39.0,clear
2026-08-11,7,0.8280000000000001,0.7423,174.0,clear
2026-08-11,8,1.021,1.3846,306.0,clear
2026-08-11,9,1.0310000000000001,1.2173,352.0,clear
2026-08-11,10,1.113,1.4999,403.0,clear
2026-08-11,11,1.403,0.7966,225.0,clear
2026-08-11,12,1.205,0.7514,192.0,rain
2026-08-11,13,1.2429999999999999,0.2009,81.0,rain
2026-08-11,14,0.544,0.2067,75.0,rain
2026-08-11,15,0.266,0.73,209.0,rain
2026-08-11,16,0.093,0.2765,217.0,clear
2026-08-11,17,0.040999999999999995,0.1413,109.0,clear
2026-08-11,18,0.005,0.1883,22.0,rain
2026-08-11,19,0.0,0.0,1.0,rain
2026-08-11,20,0.0,0.0,0.0,rain
2026-08-11,21,0.0,0.0,0.0,rain
2026-08-11,22,0.0,0.0,0.0,rain
2026-08-11,23,0.0,0.0,0.0,rain
2026-08-12,0,0.0,0.0,0.0,rain
2026-08-12,1,0.0,0.0,0.0,rain
2026-08-12,2,0.0,0.0,0.0,rain
2026-08-12,3,0.0,0.0,0.0,rain
2026-08-12,4,0.0,0.0,0.0,rain
2026-08-12,5,0.016,0.0,0.0,rain
2026-08-12,6,0.057999999999999996,0.0514,18.0,rain
2026-08-12,7,0.164,0.3402,77.0,rain
2026-08-12,8,0.365,0.5239,116.0,rain
2026-08-12,9,0.356,0.258,105.0,rain
2026-08-12,10,0.739,0.7877,165.0,rain
2026-08-12,11,0.881,0.8047,161.0,rain
2026-08-12,12,1.464,0.5194,142.0,rain
2026-08-12,13,1.633,0.5373,160.0,rain
2026-08-12,14,1.3739999999999999,0.5927,206.0,rain
2026-08-12,15,0.214,0.4598,181.0,rain
2026-08-12,16,0.15999999999999998,0.5073,246.0,rain
2026-08-12,17,0.04,0.188,147.0,rain
2026-08-12,18,0.005,0.1172,58.0,rain
2026-08-12,19,0.0,0.0,6.0,rain
2026-08-12,20,0.0,0.0,0.0,rain
2026-08-12,21,0.0,0.0,0.0,rain
2026-08-12,22,0.0,0.0,0.0,clear
2026-08-12,23,0.0,0.0,0.0,clear
2026-08-13,0,0.0,0.0,0.0,clear
2026-08-13,1,0.0,0.0,0.0,clear
2026-08-13,2,0.0,0.0,0.0,clear
2026-08-13,3,0.0,0.0,0.0,clear
2026-08-13,4,0.0,0.0,0.0,clear
2026-08-13,5,0.017,0.0,0.0,rain
2026-08-13,6,0.067,0.0417,14.0,rain
2026-08-13,7,0.17500000000000002,0.3544,62.0,rain
2026-08-13,8,0.471,0.4934,125.0,rain
2026-08-13,9,0.445,0.8539,201.0,rain
2026-08-13,10,0.509,1.0925,351.0,clear
2026-08-13,11,1.44,1.611,460.0,clear
2026-08-13,12,1.2650000000000001,1.7047,542.0,rain
2026-08-13,13,1.7810000000000001,1.0705,312.0,rain
2026-08-13,14,0.9129999999999999,1.016,260.0,rain
2026-08-13,15,0.05399999999999999,0.6654,208.0,rain
2026-08-13,16,0.20700000000000002,0.133,130.0,rain
2026-08-13,17,0.28300000000000003,0.1178,69.0,rain
2026-08-13,18,0.072,0.1856,30.0,rain
2026-08-13,19,0.0,0.0,3.0,rain
2026-08-13,20,0.0,0.0,0.0,rain
2026-08-13,21,0.0,0.0,0.0,rain
2026-08-13,22,0.0,0.0,0.0,rain
2026-08-13,23,0.0,0.0,0.0,rain
2026-08-14,0,0.0,0.0,0.0,rain
2026-08-14,1,0.0,0.0,0.0,rain
2026-08-14,2,0.0,0.0,0.0,rain
2026-08-14,3,0.0,0.0,0.0,rain
2026-08-14,4,0.0,0.0,0.0,rain
2026-08-14,5,0.042,0.0,0.0,rain
2026-08-14,6,0.328,0.0262,9.0,rain
2026-08-14,7,1.12,0.2391,32.0,rain
2026-08-14,8,1.222,0.1751,39.0,rain
2026-08-14,9,1.236,0.1803,63.0,rain
2026-08-14,10,1.466,0.2096,69.0,rain
2026-08-14,11,1.42,0.5772,120.0,rain
2026-08-14,12,1.245,0.6806,130.0,rain
2026-08-14,13,1.109,0.3308,117.0,rain
2026-08-14,14,1.145,0.4961,113.0,rain
2026-08-14,15,0.893,0.5464,103.0,rain
2026-08-14,16,0.33599999999999997,0.0649,62.0,rain
2026-08-14,17,0.09,0.0365,29.0,rain
2026-08-14,18,0.005,0.0,17.0,rain
2026-08-14,19,0.0,0.0,2.0,rain
2026-08-14,20,0.0,0.0,0.0,rain
2026-08-14,21,0.0,0.0,0.0,rain
2026-08-14,22,0.0,0.0,0.0,rain
2026-08-14,23,0.0,0.0,0.0,rain
2026-08-15,0,0.0,0.0,0.0,rain
2026-08-15,1,0.0,0.0,0.0,rain
2026-08-15,2,0.0,0.0,0.0,clear
2026-08-15,3,0.0,0.0,0.0,clear
2026-08-15,4,0.003,0.0,0.0,clear
2026-08-15,5,0.139,0.0,0.0,clear
2026-08-15,6,0.393,0.0327,11.0,clear
2026-08-15,7,0.764,0.1194,52.0,clear
2026-08-15,8,1.344,0.6405,122.0,clear
2026-08-15,9,1.303,0.6601,177.0,clear
2026-08-15,10,1.582,0.8203,274.0,clear
2026-08-15,11,1.2320000000000002,1.2135,372.0,clear
2026-08-15,12,1.189,1.497,439.0,clear
2026-08-15,13,1.38,1.0085,331.0,clear
2026-08-15,14,0.893,0.499,90.0,rain
2026-08-15,15,0.733,0.3471,69.0,rain
2026-08-15,16,0.256,0.1794,82.0,clear
2026-08-15,17,0.08,0.1067,66.0,clear
2026-08-15,18,0.008,0.0,19.0,rain
2026-08-15,19,0.0,0.0,1.0,clear
2026-08-15,20,0.0,0.0,0.0,clear
2026-08-15,21,0.0,0.0,0.0,clear
2026-08-15,22,0.0,0.0,0.0,clear
2026-08-15,23,0.0,0.0,0.0,clear
2026-08-16,0,0.0,0.0,0.0,clear
2026-08-16,1,0.0,0.0,0.0,clear
2026-08-16,2,0.0,0.0,0.0,clear
2026-08-16,3,0.0,0.0,0.0,clear
2026-08-16,4,0.0,0.0,0.0,clear
2026-08-16,5,0.097,0.0,0.0,clear
2026-08-16,6,0.366,0.0882,29.0,clear
2026-08-16,7,0.8380000000000001,0.6771,147.0,clear
2026-08-16,8,1.204,1.317,298.0,clear
2026-08-16,9,1.151,1.1808,372.0,clear
2026-08-16,10,0.767,1.1371,361.0,clear
2026-08-16,11,0.633,0.8979,240.0,clear
2026-08-16,12,0.885,1.1027,367.0,clear
2026-08-16,13,0.536,1.2694,448.0,clear
2026-08-16,14,0.8029999999999999,0.9644,370.0,clear
2026-08-16,15,0.38,0.6011,303.0,rain
2026-08-16,16,0.19,0.2332,192.0,rain
2026-08-16,17,0.022,0.1424,105.0,clear
2026-08-16,18,0.006,0.0,38.0,clear
2026-08-16,19,0.0,0.0,4.0,clear
2026-08-16,20,0.0,0.0,0.0,clear
2026-08-16,21,0.0,0.0,0.0,clear
2026-08-16,22,0.0,0.0,0.0,clear
2026-08-16,23,0.0,0.0,0.0,clear
2026-08-17,0,0.0,0.0,0.0,clear
2026-08-17,1,0.0,0.0,0.0,clear
2026-08-17,2,0.0,0.0,0.0,clear
2026-08-17,3,0.0,0.0,0.0,clear
2026-08-17,4,0.0,0.0,0.0,clear
2026-08-17,5,0.089,0.0,0.0,rain
2026-08-17,6,0.285,0.0614,16.0,rain
2026-08-17,7,0.532,0.5149,94.0,clear
2026-08-17,8,1.238,1.1345,252.0,clear
2026-08-17,9,1.341,1.2732,411.0,clear
2026-08-17,10,1.517,1.6686,525.0,clear
2026-08-17,11,1.513,1.9903,639.0,clear
2026-08-17,12,1.496,1.6448,713.0,clear
2026-08-17,13,1.656,1.5763,692.0,clear
2026-08-17,14,1.208,1.3832,615.0,clear
2026-08-17,15,0.523,1.0677,512.0,clear
2026-08-17,16,0.295,0.5832,359.0,clear
2026-08-17,17,0.175,0.1193,167.0,clear
2026-08-17,18,0.023,0.0,65.0,clear
2026-08-17,19,0.0,0.0,5.0,clear
2026-08-17,20,0.0,0.0,0.0,clear
2026-08-17,21,0.0,0.0,0.0,clear
2026-08-17,22,0.0,0.0,0.0,clear
2026-08-17,23,0.0,0.0,0.0,clear
2026-08-18,0,0.0,0.0,0.0,clear
2026-08-18,1,0.0,0.0,0.0,clear
2026-08-18,2,0.0,0.0,0.0,clear
2026-08-18,3,0.0,0.0,0.0,clear
2026-08-18,4,0.0,0.0,0.0,clear
2026-08-18,5,0.051,0.0,0.0,clear
2026-08-18,6,0.524,0.1377,30.0,clear
2026-08-18,7,0.99,0.6607,143.0,clear
2026-08-18,8,1.472,1.2452,295.0,clear
2026-08-18,9,1.8530000000000002,1.358,435.0,clear
2026-08-18,10,2.226,1.7849,562.0,clear
2026-08-18,11,2.3529999999999998,2.0038,651.0,clear
2026-08-18,12,1.9969999999999999,1.5817,689.0,clear
2026-08-18,13,2.13,1.6028,703.0,clear
2026-08-18,14,1.11,1.3305,595.0,clear
2026-08-18,15,0.626,0.9195,445.0,clear
2026-08-18,16,0.63,0.6223,384.0,clear
2026-08-18,17,0.179,0.3074,198.0,clear
2026-08-18,18,0.019999999999999997,0.0,71.0,clear
2026-08-18,19,0.0,0.0,5.0,clear
2026-08-18,20,0.0,0.0,0.0,clear
2026-08-18,21,0.0,0.0,0.0,clear
2026-08-18,22,0.0,0.0,0.0,clear
2026-08-18,23,0.0,0.0,0.0,clear
2026-08-19,0,0.0,0.0,0.0,clear
2026-08-19,1,0.0,0.0,0.0,clear
2026-08-19,2,0.0,0.0,0.0,clear
2026-08-19,3,0.0,0.0,0.0,clear
2026-08-19,4,0.0,0.0,0.0,clear
2026-08-19,5,0.094,0.0,0.0,clear
2026-08-19,6,0.559,0.0675,22.0,clear
2026-08-19,7,0.524,0.5925,112.0,clear
2026-08-19,8,1.181,1.0723,250.0,clear
2026-08-19,9,1.1139999999999999,1.3424,389.0,clear
2026-08-19,10,2.125,1.644,504.0,clear
2026-08-19,11,1.71,1.7863,568.0,clear
2026-08-19,12,1.96,1.9932,650.0,clear
2026-08-19,13,1.904,1.6593,723.0,clear
2026-08-19,14,1.222,1.5569,696.0,clear
2026-08-19,15,1.01,1.1952,610.0,clear
2026-08-19,16,0.808,0.7486,454.0,clear
2026-08-19,17,0.28800000000000003,0.2926,260.0,clear
2026-08-19,18,0.013,0.0,95.0,clear
2026-08-19,19,0.0,0.0,5.0,clear
2026-08-19,20,0.0,0.0,0.0,clear
2026-08-19,21,0.0,0.0,0.0,clear
2026-08-19,22,0.0,0.0,0.0,clear
2026-08-19,23,0.0,0.0,0.0,clear
2026-08-20,0,0.0,0.0,0.0,clear
2026-08-20,1,0.0,0.0,0.0,clear
2026-08-20,2,0.0,0.0,0.0,clear
2026-08-20,3,0.0,0.0,0.0,clear
2026-08-20,4,0.0,0.0,0.0,clear
2026-08-20,5,0.081,0.0,0.0,clear
2026-08-20,6,0.45099999999999996,0.1496,22.0,clear
2026-08-20,7,0.978,0.391,103.0,clear
2026-08-20,8,1.4369999999999998,0.9077,208.0,clear
2026-08-20,9,1.77,1.0466,314.0,clear
2026-08-20,10,1.653,1.1912,386.0,clear
2026-08-20,11,1.988,1.4673,470.0,clear
2026-08-20,12,1.967,1.5192,488.0,clear
2026-08-20,13,1.908,1.2278,433.0,clear
2026-08-20,14,1.783,1.1576,436.0,clear
2026-08-20,15,1.204,0.912,464.0,clear
2026-08-20,16,0.46799999999999997,0.5596,347.0,clear
2026-08-20,17,0.19,0.1252,148.0,clear
2026-08-20,18,0.005,0.0,49.0,clear
2026-08-20,19,0.0,0.0,3.0,clear
2026-08-20,20,0.0,0.0,0.0,clear
2026-08-20,21,0.0,0.0,0.0,clear
2026-08-20,22,0.0,0.0,0.0,clear
2026-08-20,23,0.0,0.0,0.0,clear
2026-08-21,0,0.0,0.0,0.0,rain
2026-08-21,1,0.0,0.0,0.0,clear
2026-08-21,2,0.0,0.0,0.0,clear
2026-08-21,3,0.0,0.0,0.0,clear
2026-08-21,4,0.0,0.0,0.0,clear
2026-08-21,5,0.061,0.0,0.0,clear
2026-08-21,6,0.392,0.2964,20.0,clear
2026-08-21,7,0.5529999999999999,0.3669,91.0,clear
2026-08-21,8,0.775,0.9598,216.0,clear
2026-08-21,9,1.149,1.1319,320.0,clear
2026-08-21,10,1.7650000000000001,1.3379,408.0,clear
2026-08-21,11,2.107,1.5807,499.0,clear
2026-08-21,12,1.697,1.6665,532.0,clear
2026-08-21,13,0.624,1.2828,428.0,clear
2026-08-21,14,1.371,0.5071,119.0,clear
2026-08-21,15,1.319,0.3634,110.0,clear
2026-08-21,16,0.42400000000000004,0.2611,89.0,clear
2026-08-21,17,0.128,0.1641,111.0,clear
2026-08-21,18,0.003,0.0,48.0,clear
2026-08-21,19,0.0,0.0,2.0,clear
2026-08-21,20,0.0,0.0,0.0,clear
2026-08-21,21,0.0,0.0,0.0,clear
2026-08-21,22,0.0,0.0,0.0,clear
2026-08-21,23,0.0,0.0,0.0,clear
2026-08-22,0,0.0,0.0,0.0,rain
2026-08-22,1,0.0,0.0,0.0,rain
2026-08-22,2,0.0,0.0,0.0,clear
2026-08-22,3,0.0,0.0,0.0,clear
2026-08-22,4,0.0,0.0,0.0,clear
2026-08-22,5,0.08499999999999999,0.0,0.0,clear
2026-08-22,6,0.40700000000000003,0.1074,15.0,clear
2026-08-22,7,0.788,0.4389,83.0,clear
2026-08-22,8,1.123,0.7894,176.0,clear
2026-08-22,9,1.509,0.897,236.0,clear
2026-08-22,10,1.2770000000000001,0.9501,292.0,clear
2026-08-22,11,1.6099999999999999,1.4496,375.0,clear
2026-08-22,12,1.134,1.5678,496.0,clear
2026-08-22,13,1.516,1.3214,457.0,clear
2026-08-22,14,0.475,1.2074,401.0,clear
2026-08-22,15,0.22099999999999997,1.1362,264.0,clear
2026-08-22,16,0.22999999999999998,0.3074,149.0,clear
2026-08-22,17,0.03,0.2038,122.0,clear
2026-08-22,18,0.0,0.0,45.0,clear
2026-08-22,19,0.0,0.0,2.0,rain
2026-08-22,20,0.0,0.0,0.0,rain
2026-08-22,21,0.0,0.0,0.0,rain
2026-08-22,22,0.0,0.0,0.0,rain
2026-08-22,23,0.0,0.0,0.0,rain
2026-08-23,0,0.0,0.0,0.0,rain
2026-08-23,1,0.0,0.0,0.0,clear
2026-08-23,2,0.0,0.0,0.0,clear
2026-08-23,3,0.0,0.0,0.0,clear
2026-08-23,4,0.0,0.0,0.0,clear
2026-08-23,5,0.028,0.0,0.0,clear
2026-08-23,6,0.191,0.2174,12.0,clear
2026-08-23,7,0.41100000000000003,0.4456,62.0,clear
2026-08-23,8,0.726,0.8242,154.0,clear
2026-08-23,9,1.023,1.0369,265.0,clear
2026-08-23,10,0.9970000000000001,1.514,387.0,clear
2026-08-23,11,1.463,1.5701,490.0,clear
2026-08-23,12,0.914,1.5506,493.0,clear
2026-08-23,13,0.96,1.5827,527.0,clear
2026-08-23,14,0.7989999999999999,1.3216,466.0,clear
2026-08-23,15,0.308,0.9409,386.0,clear
2026-08-23,16,,0.3649,264.0,clear
2026-08-23,17,,0.2279,161.0,clear
2026-08-23,18,,0.0,61.0,clear
2026-08-23,19,,0.0,2.0,clear
2026-08-23,20,,0.0,0.0,clear
2026-08-23,21,,0.0,0.0,clear
2026-08-23,22,,0.0,0.0,clear
2026-08-23,23,,0.0,0.0,clear
2026-08-24,0,,0.0,0.0,clear
2026-08-24,1,,0.0,0.0,clear
2026-08-24,2,,0.0,0.0,clear
2026-08-24,3,,0.0,0.0,clear
2026-08-24,4,,0.0,0.0,clear
2026-08-24,5,,0.0,0.0,clear
2026-08-24,6,,0.2077,14.0,clear
2026-08-24,7,,0.4371,79.0,clear
2026-08-24,8,,1.1274,227.0,clear
2026-08-24,9,,1.5233,474.0,clear
2026-08-24,10,,2.0469,607.0,clear
2026-08-24,11,,2.1428,676.0,clear
2026-08-24,12,,1.7018,715.0,clear
2026-08-24,13,,1.6228,706.0,clear
2026-08-24,14,,1.3809,614.0,clear
2026-08-24,15,,1.1241,539.0,clear
2026-08-24,16,,0.6722,383.0,clear
2026-08-24,17,,0.3397,206.0,clear
2026-08-24,18,,0.0,68.0,clear
2026-08-24,19,,0.0,2.0,clear
2026-08-24,20,,0.0,0.0,clear
2026-08-24,21,,0.0,0.0,clear
2026-08-24,22,,0.0,0.0,clear
2026-08-24,23,,0.0,0.0,clear
2026-08-25,0,,0.0,0.0,clear
2026-08-25,1,,0.0,0.0,clear
2026-08-25,2,,0.0,0.0,clear
2026-08-25,3,,0.0,0.0,clear
2026-08-25,4,,0.0,0.0,clear
2026-08-25,5,,0.0,0.0,clear
2026-08-25,6,,0.2856,25.0,clear
2026-08-25,7,,0.6994,155.0,clear
2026-08-25,8,,1.2204,321.0,clear
2026-08-25,9,,1.5766,489.0,clear
2026-08-25,10,,1.756,652.0,clear
2026-08-25,11,,1.9071,765.0,clear
2026-08-25,12,,1.942,816.0,clear
2026-08-25,13,,1.8569,799.0,clear
2026-08-25,14,,1.5994,707.0,clear
2026-08-25,15,,1.2079,575.0,clear
2026-08-25,16,,0.7235,433.0,clear
2026-08-25,17,,0.2792,251.0,clear
2026-08-25,18,,0.0,80.0,clear
2026-08-25,19,,0.0,2.0,clear
2026-08-25,20,,0.0,0.0,clear
2026-08-25,21,,0.0,0.0,clear
2026-08-25,22,,0.0,0.0,clear
2026-08-25,23,,0.0,0.0,clear
